date,serial_number,model,capacity_bytes,failure,datacenter,cluster_id,vault_id,pod_id,pod_slot_num,is_legacy_format,smart_1_normalized,smart_1_raw,smart_2_normalized,smart_2_raw,smart_3_normalized,smart_3_raw,smart_4_normalized,smart_4_raw,smart_5_normalized,smart_5_raw,smart_7_normalized,smart_7_raw,smart_8_normalized,smart_8_raw,smart_9_normalized,smart_9_raw,smart_10_normalized,smart_10_raw,smart_11_normalized,smart_11_raw,smart_12_normalized,smart_12_raw,smart_13_normalized,smart_13_raw,smart_15_normalized,smart_15_raw,smart_16_normalized,smart_16_raw,smart_17_normalized,smart_17_raw,smart_18_normalized,smart_18_raw,smart_22_normalized,smart_22_raw,smart_23_normalized,smart_23_raw,smart_24_normalized,smart_24_raw,smart_27_normalized,smart_27_raw,smart_71_normalized,smart_71_raw,smart_82_normalized,smart_82_raw,smart_90_normalized,smart_90_raw,smart_160_normalized,smart_160_raw,smart_161_normalized,smart_161_raw,smart_163_normalized,smart_163_raw,smart_164_normalized,smart_164_raw,smart_165_normalized,smart_165_raw,smart_166_normalized,smart_166_raw,smart_167_normalized,smart_167_raw,smart_168_normalized,smart_168_raw,smart_169_normalized,smart_169_raw,smart_170_normalized,smart_170_raw,smart_171_normalized,smart_171_raw,smart_172_normalized,smart_172_raw,smart_173_normalized,smart_173_raw,smart_174_normalized,smart_174_raw,smart_175_normalized,smart_175_raw,smart_176_normalized,smart_176_raw,smart_177_normalized,smart_177_raw,smart_178_normalized,smart_178_raw,smart_179_normalized,smart_179_raw,smart_180_normalized,smart_180_raw,smart_181_normalized,smart_181_raw,smart_182_normalized,smart_182_raw,smart_183_normalized,smart_183_raw,smart_184_normalized,smart_184_raw,smart_187_normalized,smart_187_raw,smart_188_normalized,smart_188_raw,smart_189_normalized,smart_189_raw,smart_190_normalized,smart_190_raw,smart_191_normalized,smart_191_raw,smart_192_normalized,smart_192_raw,smart_193_normalized,smart_193_raw,smart_194_normalized,smart_194_raw,smart_195_normalized,smart_195_raw,smart_196_normalized,smart_196_raw,smart_197_normalized,smart_197_raw,smart_198_normalized,smart_198_raw,smart_199_normalized,smart_199_raw,smart_200_normalized,smart_200_raw,smart_201_normalized,smart_201_raw,smart_202_normalized,smart_202_raw,smart_206_normalized,smart_206_raw,smart_210_normalized,smart_210_raw,smart_211_normalized,smart_211_raw,smart_212_normalized,smart_212_raw,smart_218_normalized,smart_218_raw,smart_220_normalized,smart_220_raw,smart_222_normalized,smart_222_raw,smart_223_normalized,smart_223_raw,smart_224_normalized,smart_224_raw,smart_225_normalized,smart_225_raw,smart_226_normalized,smart_226_raw,smart_230_normalized,smart_230_raw,smart_231_normalized,smart_231_raw,smart_232_normalized,smart_232_raw,smart_233_normalized,smart_233_raw,smart_234_normalized,smart_234_raw,smart_235_normalized,smart_235_raw,smart_240_normalized,smart_240_raw,smart_241_normalized,smart_241_raw,smart_242_normalized,smart_242_raw,smart_244_normalized,smart_244_raw,smart_245_normalized,smart_245_raw,smart_246_normalized,smart_246_raw,smart_247_normalized,smart_247_raw,smart_248_normalized,smart_248_raw,smart_250_normalized,smart_250_raw,smart_251_normalized,smart_251_raw,smart_252_normalized,smart_252_raw,smart_254_normalized,smart_254_raw,smart_255_normalized,smart_255_raw
2026-01-01,13N0A06DFVKG,TOSHIBA MG08ACA16TA,16000900661248,0,phx1,040,2022,16,0043,false,100,0,100,0,100,8060,100,9,100,3,100,0,100,0,53,18810,100,0,,,100,9,,,,,,,,,,,,,100,0,100,0,,,,,,,,,,,,,,,,,,,,,,,,,,,,,,,,,,,,,,,,,,,,,,,,,,,,,,,,,,,,,,,,,100,0,100,8,100,20,100,35,,,100,3,100,2,100,0,200,0,,,,,,,,,,,,,,,,,100,167772163,54,18587,100,0,100,0,,,100,529,,,,,,,,,,,,,100,0,,,,,,,,,,,,,,,,,,,,,,,,
2026-01-01,2AGM5X0Y,HGST HUH721212ALN604,12000138625024,0,sac2,000,1124,13,0022,false,100,0,100,0,159,414,100,26,100,12,100,0,100,0,92,58167,100,0,,,100,25,,,,,,,,,,,100,100,,,,,,,,,,,,,,,,,,,,,,,,,,,,,,,,,,,,,,,,,,,,,,,,,,,,,,,,,,,,,,,,,,,,,,,99,2010,99,2010,193,31,,,100,12,100,64,100,57,200,0,,,,,,,,,,,,,,,,,,,,,,,,,,,,,,,,,,,,,,,,,,,,,,,,,,,,,,,,,,,,,,,,,,
2026-01-01,2AGMN3LY,HGST HUH721212ALN604,12000138625024,0,sac2,000,1122,19,0011,false,100,0,100,0,161,407,100,18,100,36,100,0,100,0,92,58780,100,0,,,100,18,,,,,,,,,,,100,100,,,,,,,,,,,,,,,,,,,,,,,,,,,,,,,,,,,,,,,,,,,,,,,,,,,,,,,,,,,,,,,,,,,,,,,99,2201,99,2201,187,32,,,100,36,100,207,100,319,200,0,,,,,,,,,,,,,,,,,,,,,,,,,,,,,,,,,,,,,,,,,,,,,,,,,,,,,,,,,,,,,,,,,,
2026-01-01,2BJB42BN,WDC WUH721816ALE6L4,16000900661248,0,phx1,040,2012,09,0038,false,100,0,136,96,84,327,100,13,100,53,100,0,140,15,96,29814,100,0,,,100,13,,,,,,,,,,,100,100,,,,,,,,,,,,,,,,,,,,,,,,,,,,,,,,,,,,,,,,,,,,,,,,,,,,,,,,,,,,,,,,,,,,,,,100,3607,100,3607,53,40,,,100,53,100,32,100,0,100,0,,,,,,,,,,,,,,,,,,,,,,,,,,,,,,,,,,,,,,,,,,,,,,,,,,,,,,,,,,,,,,,,,,
2026-01-02,13N0A06DFVKG,TOSHIBA MG08ACA16TA,16000900661248,0,phx1,040,2022,16,0043,false,100,0,100,0,100,8060,100,9,100,3,100,0,100,0,53,18825,100,0,,,100,9,,,,,,,,,,,,,100,0,100,0,,,,,,,,,,,,,,,,,,,,,,,,,,,,,,,,,,,,,,,,,,,,,,,,,,,,,,,,,,,,,,,,,100,0,100,8,100,20,100,35,,,100,3,100,2,100,0,200,0,,,,,,,,,,,,,,,,,100,35651587,54,18602,100,0,100,0,,,100,529,,,,,,,,,,,,,100,0,,,,,,,,,,,,,,,,,,,,,,,,
2026-01-02,2AGM5X0Y,HGST HUH721212ALN604,12000138625024,0,sac2,000,1124,13,0022,false,100,0,100,0,159,414,100,26,100,12,100,0,100,0,92,58198,100,0,,,100,25,,,,,,,,,,,100,100,,,,,,,,,,,,,,,,,,,,,,,,,,,,,,,,,,,,,,,,,,,,,,,,,,,,,,,,,,,,,,,,,,,,,,,99,2011,99,2011,181,33,,,100,12,100,67,100,57,200,0,,,,,,,,,,,,,,,,,,,,,,,,,,,,,,,,,,,,,,,,,,,,,,,,,,,,,,,,,,,,,,,,,,
2026-01-02,2AGMN3LY,HGST HUH721212ALN604,12000138625024,0,sac2,000,1122,19,0011,false,100,0,100,0,161,407,100,18,100,36,100,0,100,0,92,58795,100,0,,,100,18,,,,,,,,,,,100,100,,,,,,,,,,,,,,,,,,,,,,,,,,,,,,,,,,,,,,,,,,,,,,,,,,,,,,,,,,,,,,,,,,,,,,,99,2201,99,2201,193,31,,,100,36,100,207,100,319,200,0,,,,,,,,,,,,,,,,,,,,,,,,,,,,,,,,,,,,,,,,,,,,,,,,,,,,,,,,,,,,,,,,,,
2026-01-02,2BJB42BN,WDC WUH721816ALE6L4,16000900661248,0,phx1,040,2012,09,0038,false,100,0,136,96,84,327,100,13,100,53,100,0,140,15,96,29830,100,0,,,100,13,,,,,,,,,,,100,100,,,,,,,,,,,,,,,,,,,,,,,,,,,,,,,,,,,,,,,,,,,,,,,,,,,,,,,,,,,,,,,,,,,,,,,100,3608,100,3608,53,40,,,100,53,100,32,100,0,100,0,,,,,,,,,,,,,,,,,,,,,,,,,,,,,,,,,,,,,,,,,,,,,,,,,,,,,,,,,,,,,,,,,,
2026-01-03,13N0A06DFVKG,TOSHIBA MG08ACA16TA,16000900661248,0,phx1,040,2022,16,0043,false,100,0,100,0,100,8060,100,9,100,3,100,0,100,0,53,18856,100,0,,,100,9,,,,,,,,,,,,,100,0,100,0,,,,,,,,,,,,,,,,,,,,,,,,,,,,,,,,,,,,,,,,,,,,,,,,,,,,,,,,,,,,,,,,,100,0,100,8,100,20,100,35,,,100,3,100,2,100,0,200,0,,,,,,,,,,,,,,,,,100,236191753,54,18633,100,0,100,0,,,100,529,,,,,,,,,,,,,100,0,,,,,,,,,,,,,,,,,,,,,,,,
2026-01-03,2AGM5X0Y,HGST HUH721212ALN604,12000138625024,0,sac2,000,1124,13,0022,false,100,0,100,0,159,414,100,26,100,12,100,0,100,0,92,58214,100,0,,,100,25,,,,,,,,,,,100,100,,,,,,,,,,,,,,,,,,,,,,,,,,,,,,,,,,,,,,,,,,,,,,,,,,,,,,,,,,,,,,,,,,,,,,,99,2011,99,2011,187,32,,,100,12,100,65,100,57,200,0,,,,,,,,,,,,,,,,,,,,,,,,,,,,,,,,,,,,,,,,,,,,,,,,,,,,,,,,,,,,,,,,,,
2026-01-03,2AGMN3LY,HGST HUH721212ALN604,12000138625024,0,sac2,000,1122,19,0011,false,100,0,100,0,161,407,100,18,100,36,100,0,100,0,92,58826,100,0,,,100,18,,,,,,,,,,,100,100,,,,,,,,,,,,,,,,,,,,,,,,,,,,,,,,,,,,,,,,,,,,,,,,,,,,,,,,,,,,,,,,,,,,,,,99,2202,99,2202,187,32,,,100,36,100,207,100,319,200,0,,,,,,,,,,,,,,,,,,,,,,,,,,,,,,,,,,,,,,,,,,,,,,,,,,,,,,,,,,,,,,,,,,
2026-01-03,2BJB42BN,WDC WUH721816ALE6L4,16000900661248,0,phx1,040,2012,09,0038,false,100,0,136,96,84,327,100,13,100,53,100,0,140,15,96,29862,100,0,,,100,13,,,,,,,,,,,100,100,,,,,,,,,,,,,,,,,,,,,,,,,,,,,,,,,,,,,,,,,,,,,,,,,,,,,,,,,,,,,,,,,,,,,,,100,3609,100,3609,53,40,,,100,53,100,32,100,0,100,0,,,,,,,,,,,,,,,,,,,,,,,,,,,,,,,,,,,,,,,,,,,,,,,,,,,,,,,,,,,,,,,,,,
2026-01-04,13N0A06DFVKG,TOSHIBA MG08ACA16TA,16000900661248,0,phx1,040,2022,16,0043,false,100,0,100,0,100,8060,100,9,100,3,100,0,100,0,53,18872,100,0,,,100,9,,,,,,,,,,,,,100,0,100,0,,,,,,,,,,,,,,,,,,,,,,,,,,,,,,,,,,,,,,,,,,,,,,,,,,,,,,,,,,,,,,,,,100,0,100,8,100,20,100,36,,,100,3,100,2,100,0,200,0,,,,,,,,,,,,,,,,,100,236191754,54,18649,100,0,100,0,,,100,529,,,,,,,,,,,,,100,0,,,,,,,,,,,,,,,,,,,,,,,,
2026-01-04,2AGM5X0Y,HGST HUH721212ALN604,12000138625024,0,sac2,000,1124,13,0022,false,100,0,100,0,159,414,100,26,100,13,100,0,100,0,92,58245,100,0,,,100,25,,,,,,,,,,,100,100,,,,,,,,,,,,,,,,,,,,,,,,,,,,,,,,,,,,,,,,,,,,,,,,,,,,,,,,,,,,,,,,,,,,,,,99,2012,99,2012,181,33,,,100,13,100,64,100,57,200,0,,,,,,,,,,,,,,,,,,,,,,,,,,,,,,,,,,,,,,,,,,,,,,,,,,,,,,,,,,,,,,,,,,
2026-01-04,2AGMN3LY,HGST HUH721212ALN604,12000138625024,0,sac2,000,1122,19,0011,false,100,0,100,0,161,407,100,18,100,36,100,0,100,0,92,58842,100,0,,,100,18,,,,,,,,,,,100,100,,,,,,,,,,,,,,,,,,,,,,,,,,,,,,,,,,,,,,,,,,,,,,,,,,,,,,,,,,,,,,,,,,,,,,,99,2203,99,2203,187,32,,,100,36,100,207,100,319,200,0,,,,,,,,,,,,,,,,,,,,,,,,,,,,,,,,,,,,,,,,,,,,,,,,,,,,,,,,,,,,,,,,,,
2026-01-04,2BJB42BN,WDC WUH721816ALE6L4,16000900661248,0,phx1,040,2012,09,0038,false,100,0,136,96,84,327,100,13,100,53,100,0,140,15,96,29877,100,0,,,100,13,,,,,,,,,,,100,100,,,,,,,,,,,,,,,,,,,,,,,,,,,,,,,,,,,,,,,,,,,,,,,,,,,,,,,,,,,,,,,,,,,,,,,100,3610,100,3610,53,40,,,100,53,100,32,100,0,100,0,,,,,,,,,,,,,,,,,,,,,,,,,,,,,,,,,,,,,,,,,,,,,,,,,,,,,,,,,,,,,,,,,,
2026-01-05,13N0A06DFVKG,TOSHIBA MG08ACA16TA,16000900661248,0,phx1,040,2022,16,0043,false,100,0,100,0,100,8060,100,9,100,3,100,0,100,0,53,18903,100,0,,,100,9,,,,,,,,,,,,,100,0,100,0,,,,,,,,,,,,,,,,,,,,,,,,,,,,,,,,,,,,,,,,,,,,,,,,,,,,,,,,,,,,,,,,,100,0,100,8,100,20,100,35,,,100,3,100,2,100,0,200,0,,,,,,,,,,,,,,,,,100,134479875,54,18679,100,0,100,0,,,100,529,,,,,,,,,,,,,100,0,,,,,,,,,,,,,,,,,,,,,,,,
2026-01-05,2AGM5X0Y,HGST HUH721212ALN604,12000138625024,0,sac2,000,1124,13,0022,false,100,0,100,0,159,414,100,26,100,13,100,0,100,0,92,58261,100,0,,,100,25,,,,,,,,,,,100,100,,,,,,,,,,,,,,,,,,,,,,,,,,,,,,,,,,,,,,,,,,,,,,,,,,,,,,,,,,,,,,,,,,,,,,,99,2013,99,2013,187,32,,,100,13,100,64,100,57,200,0,,,,,,,,,,,,,,,,,,,,,,,,,,,,,,,,,,,,,,,,,,,,,,,,,,,,,,,,,,,,,,,,,,
2026-01-05,2AGMN3LY,HGST HUH721212ALN604,12000138625024,0,sac2,000,1122,19,0011,false,100,0,100,0,161,407,100,18,100,36,100,0,100,0,92,58872,100,0,,,100,18,,,,,,,,,,,100,100,,,,,,,,,,,,,,,,,,,,,,,,,,,,,,,,,,,,,,,,,,,,,,,,,,,,,,,,,,,,,,,,,,,,,,,99,2204,99,2204,187,32,,,100,36,100,206,100,319,200,0,,,,,,,,,,,,,,,,,,,,,,,,,,,,,,,,,,,,,,,,,,,,,,,,,,,,,,,,,,,,,,,,,,
2026-01-05,2BJB42BN,WDC WUH721816ALE6L4,16000900661248,0,phx1,040,2012,09,0038,false,100,0,136,96,84,327,100,13,100,53,100,0,140,15,96,29909,100,0,,,100,13,,,,,,,,,,,100,100,,,,,,,,,,,,,,,,,,,,,,,,,,,,,,,,,,,,,,,,,,,,,,,,,,,,,,,,,,,,,,,,,,,,,,,100,3611,100,3611,53,40,,,100,53,100,32,100,0,100,0,,,,,,,,,,,,,,,,,,,,,,,,,,,,,,,,,,,,,,,,,,,,,,,,,,,,,,,,,,,,,,,,,,
2026-01-06,13N0A06DFVKG,TOSHIBA MG08ACA16TA,16000900661248,0,phx1,040,2022,16,0043,false,100,0,100,0,100,8060,100,9,100,3,100,0,100,0,53,18933,100,0,,,100,9,,,,,,,,,,,,,100,0,100,0,,,,,,,,,,,,,,,,,,,,,,,,,,,,,,,,,,,,,,,,,,,,,,,,,,,,,,,,,,,,,,,,,100,0,100,8,100,20,100,35,,,100,3,100,2,100,0,200,0,,,,,,,,,,,,,,,,,100,185466884,54,18710,100,0,100,0,,,100,529,,,,,,,,,,,,,100,0,,,,,,,,,,,,,,,,,,,,,,,,
2026-01-06,2AGM5X0Y,HGST HUH721212ALN604,12000138625024,0,sac2,000,1124,13,0022,false,100,0,100,0,159,414,100,26,100,13,100,0,100,0,92,58292,100,0,,,100,25,,,,,,,,,,,100,100,,,,,,,,,,,,,,,,,,,,,,,,,,,,,,,,,,,,,,,,,,,,,,,,,,,,,,,,,,,,,,,,,,,,,,,99,2014,99,2014,181,33,,,100,13,100,64,100,57,200,0,,,,,,,,,,,,,,,,,,,,,,,,,,,,,,,,,,,,,,,,,,,,,,,,,,,,,,,,,,,,,,,,,,
2026-01-06,2AGMN3LY,HGST HUH721212ALN604,12000138625024,0,sac2,000,1122,19,0011,false,100,0,100,0,161,407,100,18,100,36,100,0,100,0,92,58888,100,0,,,100,18,,,,,,,,,,,100,100,,,,,,,,,,,,,,,,,,,,,,,,,,,,,,,,,,,,,,,,,,,,,,,,,,,,,,,,,,,,,,,,,,,,,,,99,2205,99,2205,187,32,,,100,36,100,206,100,319,200,0,,,,,,,,,,,,,,,,,,,,,,,,,,,,,,,,,,,,,,,,,,,,,,,,,,,,,,,,,,,,,,,,,,
2026-01-06,2BJB42BN,WDC WUH721816ALE6L4,16000900661248,0,phx1,040,2012,09,0038,false,100,0,136,96,84,327,100,13,100,53,100,0,140,15,96,29924,100,0,,,100,13,,,,,,,,,,,100,100,,,,,,,,,,,,,,,,,,,,,,,,,,,,,,,,,,,,,,,,,,,,,,,,,,,,,,,,,,,,,,,,,,,,,,,100,3612,100,3612,53,40,,,100,53,100,32,100,0,100,0,,,,,,,,,,,,,,,,,,,,,,,,,,,,,,,,,,,,,,,,,,,,,,,,,,,,,,,,,,,,,,,,,,
2026-01-07,13N0A06DFVKG,TOSHIBA MG08ACA16TA,16000900661248,0,phx1,040,2022,16,0043,false,100,0,100,0,100,8060,100,9,100,3,100,0,100,0,53,18949,100,0,,,100,9,,,,,,,,,,,,,100,0,100,0,,,,,,,,,,,,,,,,,,,,,,,,,,,,,,,,,,,,,,,,,,,,,,,,,,,,,,,,,,,,,,,,,100,0,100,8,100,20,100,35,,,100,3,100,2,100,0,200,0,,,,,,,,,,,,,,,,,100,236191748,54,18726,100,0,100,0,,,100,529,,,,,,,,,,,,,100,0,,,,,,,,,,,,,,,,,,,,,,,,
2026-01-07,2AGM5X0Y,HGST HUH721212ALN604,12000138625024,0,sac2,000,1124,13,0022,false,100,0,100,0,159,414,100,26,100,13,100,0,100,0,92,58307,100,0,,,100,25,,,,,,,,,,,100,100,,,,,,,,,,,,,,,,,,,,,,,,,,,,,,,,,,,,,,,,,,,,,,,,,,,,,,,,,,,,,,,,,,,,,,,99,2014,99,2014,187,32,,,100,13,100,66,100,57,200,0,,,,,,,,,,,,,,,,,,,,,,,,,,,,,,,,,,,,,,,,,,,,,,,,,,,,,,,,,,,,,,,,,,
2026-01-07,2AGMN3LY,HGST HUH721212ALN604,12000138625024,0,sac2,000,1122,19,0011,false,100,0,100,0,161,407,100,18,100,36,100,0,100,0,92,58919,100,0,,,100,18,,,,,,,,,,,100,100,,,,,,,,,,,,,,,,,,,,,,,,,,,,,,,,,,,,,,,,,,,,,,,,,,,,,,,,,,,,,,,,,,,,,,,99,2206,99,2206,187,32,,,100,36,100,206,100,319,200,0,,,,,,,,,,,,,,,,,,,,,,,,,,,,,,,,,,,,,,,,,,,,,,,,,,,,,,,,,,,,,,,,,,
2026-01-07,2BJB42BN,WDC WUH721816ALE6L4,16000900661248,0,phx1,040,2012,09,0038,false,100,0,136,96,84,327,100,13,100,53,100,0,140,15,96,29956,100,0,,,100,13,,,,,,,,,,,100,100,,,,,,,,,,,,,,,,,,,,,,,,,,,,,,,,,,,,,,,,,,,,,,,,,,,,,,,,,,,,,,,,,,,,,,,100,3613,100,3613,55,39,,,100,53,100,32,100,0,100,0,,,,,,,,,,,,,,,,,,,,,,,,,,,,,,,,,,,,,,,,,,,,,,,,,,,,,,,,,,,,,,,,,,
2026-01-08,13N0A06DFVKG,TOSHIBA MG08ACA16TA,16000900661248,0,phx1,040,2022,16,0043,false,100,0,100,0,100,8060,100,9,100,3,100,0,100,0,53,18980,100,0,,,100,9,,,,,,,,,,,,,100,0,100,0,,,,,,,,,,,,,,,,,,,,,,,,,,,,,,,,,,,,,,,,,,,,,,,,,,,,,,,,,,,,,,,,,100,0,100,8,100,20,100,35,,,100,3,100,2,100,0,200,0,,,,,,,,,,,,,,,,,100,203554826,54,18757,100,0,100,0,,,100,529,,,,,,,,,,,,,100,0,,,,,,,,,,,,,,,,,,,,,,,,
2026-01-08,2AGM5X0Y,HGST HUH721212ALN604,12000138625024,0,sac2,000,1124,13,0022,false,100,0,100,0,159,414,100,26,100,13,100,0,100,0,92,58338,100,0,,,100,25,,,,,,,,,,,100,100,,,,,,,,,,,,,,,,,,,,,,,,,,,,,,,,,,,,,,,,,,,,,,,,,,,,,,,,,,,,,,,,,,,,,,,99,2015,99,2015,187,32,,,100,13,100,63,100,57,200,0,,,,,,,,,,,,,,,,,,,,,,,,,,,,,,,,,,,,,,,,,,,,,,,,,,,,,,,,,,,,,,,,,,
2026-01-08,2AGMN3LY,HGST HUH721212ALN604,12000138625024,0,sac2,000,1122,19,0011,false,100,0,100,0,161,407,100,18,100,36,100,0,100,0,92,58934,100,0,,,100,18,,,,,,,,,,,100,100,,,,,,,,,,,,,,,,,,,,,,,,,,,,,,,,,,,,,,,,,,,,,,,,,,,,,,,,,,,,,,,,,,,,,,,99,2206,99,2206,193,31,,,100,36,100,207,100,319,200,0,,,,,,,,,,,,,,,,,,,,,,,,,,,,,,,,,,,,,,,,,,,,,,,,,,,,,,,,,,,,,,,,,,
2026-01-08,2BJB42BN,WDC WUH721816ALE6L4,16000900661248,0,phx1,040,2012,09,0038,false,100,0,136,96,84,327,100,13,100,53,100,0,140,15,96,29972,100,0,,,100,13,,,,,,,,,,,100,100,,,,,,,,,,,,,,,,,,,,,,,,,,,,,,,,,,,,,,,,,,,,,,,,,,,,,,,,,,,,,,,,,,,,,,,100,3614,100,3614,53,40,,,100,53,100,32,100,0,100,0,,,,,,,,,,,,,,,,,,,,,,,,,,,,,,,,,,,,,,,,,,,,,,,,,,,,,,,,,,,,,,,,,,
2026-01-09,13N0A06DFVKG,TOSHIBA MG08ACA16TA,16000900661248,0,phx1,040,2022,16,0043,false,100,0,100,0,100,8060,100,9,100,3,100,0,100,0,53,18995,100,0,,,100,9,,,,,,,,,,,,,100,0,100,0,,,,,,,,,,,,,,,,,,,,,,,,,,,,,,,,,,,,,,,,,,,,,,,,,,,,,,,,,,,,,,,,,100,0,100,8,100,20,100,36,,,100,3,100,2,100,0,200,0,,,,,,,,,,,,,,,,,100,203554829,54,18772,100,0,100,0,,,100,529,,,,,,,,,,,,,100,0,,,,,,,,,,,,,,,,,,,,,,,,
2026-01-09,2AGM5X0Y,HGST HUH721212ALN604,12000138625024,0,sac2,000,1124,13,0022,false,100,0,100,0,159,414,100,26,100,13,100,0,100,0,92,58353,100,0,,,100,25,,,,,,,,,,,100,100,,,,,,,,,,,,,,,,,,,,,,,,,,,,,,,,,,,,,,,,,,,,,,,,,,,,,,,,,,,,,,,,,,,,,,,99,2015,99,2015,193,31,,,100,13,100,63,100,57,200,0,,,,,,,,,,,,,,,,,,,,,,,,,,,,,,,,,,,,,,,,,,,,,,,,,,,,,,,,,,,,,,,,,,
2026-01-09,2AGMN3LY,HGST HUH721212ALN604,12000138625024,0,sac2,000,1122,19,0011,false,100,0,100,0,161,407,100,18,100,36,100,0,100,0,92,58965,100,0,,,100,18,,,,,,,,,,,100,100,,,,,,,,,,,,,,,,,,,,,,,,,,,,,,,,,,,,,,,,,,,,,,,,,,,,,,,,,,,,,,,,,,,,,,,99,2207,99,2207,193,31,,,100,36,100,207,100,319,200,0,,,,,,,,,,,,,,,,,,,,,,,,,,,,,,,,,,,,,,,,,,,,,,,,,,,,,,,,,,,,,,,,,,
2026-01-09,2BJB42BN,WDC WUH721816ALE6L4,16000900661248,0,phx1,040,2012,09,0038,false,100,0,136,96,84,327,100,13,100,53,100,0,140,15,96,30003,100,0,,,100,13,,,,,,,,,,,100,100,,,,,,,,,,,,,,,,,,,,,,,,,,,,,,,,,,,,,,,,,,,,,,,,,,,,,,,,,,,,,,,,,,,,,,,100,3615,100,3615,53,40,,,100,53,100,40,100,0,100,0,,,,,,,,,,,,,,,,,,,,,,,,,,,,,,,,,,,,,,,,,,,,,,,,,,,,,,,,,,,,,,,,,,
2026-01-10,13N0A06DFVKG,TOSHIBA MG08ACA16TA,16000900661248,0,phx1,040,2022,16,0043,false,100,0,100,0,100,8060,100,9,100,3,100,0,100,0,53,19026,100,0,,,100,9,,,,,,,,,,,,,100,0,100,0,,,,,,,,,,,,,,,,,,,,,,,,,,,,,,,,,,,,,,,,,,,,,,,,,,,,,,,,,,,,,,,,,100,0,100,8,100,20,100,35,,,100,3,100,2,100,0,200,0,,,,,,,,,,,,,,,,,100,203554824,53,18803,100,0,100,0,,,100,529,,,,,,,,,,,,,100,0,,,,,,,,,,,,,,,,,,,,,,,,
2026-01-10,2AGM5X0Y,HGST HUH721212ALN604,12000138625024,0,sac2,000,1124,13,0022,false,100,0,100,0,159,414,100,26,100,13,100,0,100,0,92,58383,100,0,,,100,25,,,,,,,,,,,100,100,,,,,,,,,,,,,,,,,,,,,,,,,,,,,,,,,,,,,,,,,,,,,,,,,,,,,,,,,,,,,,,,,,,,,,,99,2016,99,2016,187,32,,,100,13,100,64,100,57,200,0,,,,,,,,,,,,,,,,,,,,,,,,,,,,,,,,,,,,,,,,,,,,,,,,,,,,,,,,,,,,,,,,,,
2026-01-10,2AGMN3LY,HGST HUH721212ALN604,12000138625024,0,sac2,000,1122,19,0011,false,100,0,100,0,161,407,100,18,100,36,100,0,100,0,92,58996,100,0,,,100,18,,,,,,,,,,,100,100,,,,,,,,,,,,,,,,,,,,,,,,,,,,,,,,,,,,,,,,,,,,,,,,,,,,,,,,,,,,,,,,,,,,,,,99,2208,99,2208,193,31,,,100,36,100,207,100,319,200,0,,,,,,,,,,,,,,,,,,,,,,,,,,,,,,,,,,,,,,,,,,,,,,,,,,,,,,,,,,,,,,,,,,
2026-01-10,2BJB42BN,WDC WUH721816ALE6L4,16000900661248,0,phx1,040,2012,09,0038,false,100,0,136,96,84,327,100,13,100,53,100,0,140,15,96,30034,100,0,,,100,13,,,,,,,,,,,100,100,,,,,,,,,,,,,,,,,,,,,,,,,,,,,,,,,,,,,,,,,,,,,,,,,,,,,,,,,,,,,,,,,,,,,,,100,3617,100,3617,55,39,,,100,53,100,40,100,0,100,0,,,,,,,,,,,,,,,,,,,,,,,,,,,,,,,,,,,,,,,,,,,,,,,,,,,,,,,,,,,,,,,,,,
2026-01-11,13N0A06DFVKG,TOSHIBA MG08ACA16TA,16000900661248,0,phx1,040,2022,16,0043,false,100,0,100,0,100,8060,100,9,100,3,100,0,100,0,53,19041,100,0,,,100,9,,,,,,,,,,,,,100,0,100,0,,,,,,,,,,,,,,,,,,,,,,,,,,,,,,,,,,,,,,,,,,,,,,,,,,,,,,,,,,,,,,,,,100,0,100,8,100,20,100,35,,,100,3,100,2,100,0,200,0,,,,,,,,,,,,,,,,,100,203554821,53,18818,100,0,100,0,,,100,529,,,,,,,,,,,,,100,0,,,,,,,,,,,,,,,,,,,,,,,,
2026-01-11,2AGM5X0Y,HGST HUH721212ALN604,12000138625024,0,sac2,000,1124,13,0022,false,100,0,100,0,159,414,100,26,100,13,100,0,100,0,92,58414,100,0,,,100,25,,,,,,,,,,,100,100,,,,,,,,,,,,,,,,,,,,,,,,,,,,,,,,,,,,,,,,,,,,,,,,,,,,,,,,,,,,,,,,,,,,,,,99,2017,99,2017,187,32,,,100,13,100,63,100,57,200,0,,,,,,,,,,,,,,,,,,,,,,,,,,,,,,,,,,,,,,,,,,,,,,,,,,,,,,,,,,,,,,,,,,
2026-01-11,2AGMN3LY,HGST HUH721212ALN604,12000138625024,0,sac2,000,1122,19,0011,false,100,0,100,0,161,407,100,18,100,36,100,0,100,0,92,59011,100,0,,,100,18,,,,,,,,,,,100,100,,,,,,,,,,,,,,,,,,,,,,,,,,,,,,,,,,,,,,,,,,,,,,,,,,,,,,,,,,,,,,,,,,,,,,,99,2209,99,2209,187,32,,,100,36,100,207,100,319,200,0,,,,,,,,,,,,,,,,,,,,,,,,,,,,,,,,,,,,,,,,,,,,,,,,,,,,,,,,,,,,,,,,,,
2026-01-11,2BJB42BN,WDC WUH721816ALE6L4,16000900661248,0,phx1,040,2012,09,0038,false,100,0,136,96,84,327,100,13,100,53,100,0,140,15,96,30050,100,0,,,100,13,,,,,,,,,,,100,100,,,,,,,,,,,,,,,,,,,,,,,,,,,,,,,,,,,,,,,,,,,,,,,,,,,,,,,,,,,,,,,,,,,,,,,100,3617,100,3617,53,40,,,100,53,100,40,100,0,100,0,,,,,,,,,,,,,,,,,,,,,,,,,,,,,,,,,,,,,,,,,,,,,,,,,,,,,,,,,,,,,,,,,,
2026-01-12,13N0A06DFVKG,TOSHIBA MG08ACA16TA,16000900661248,0,phx1,040,2022,16,0043,false,100,0,100,0,100,8060,100,9,100,3,100,0,100,0,53,19072,100,0,,,100,9,,,,,,,,,,,,,100,0,100,0,,,,,,,,,,,,,,,,,,,,,,,,,,,,,,,,,,,,,,,,,,,,,,,,,,,,,,,,,,,,,,,,,100,0,100,8,100,20,100,35,,,100,3,100,2,100,0,200,0,,,,,,,,,,,,,,,,,100,134479874,53,18849,100,0,100,0,,,100,529,,,,,,,,,,,,,100,0,,,,,,,,,,,,,,,,,,,,,,,,
2026-01-12,2AGM5X0Y,HGST HUH721212ALN604,12000138625024,0,sac2,000,1124,13,0022,false,100,0,100,0,159,414,100,26,100,13,100,0,100,0,92,58429,100,0,,,100,25,,,,,,,,,,,100,100,,,,,,,,,,,,,,,,,,,,,,,,,,,,,,,,,,,,,,,,,,,,,,,,,,,,,,,,,,,,,,,,,,,,,,,99,2017,99,2017,187,32,,,100,13,100,62,100,57,200,0,,,,,,,,,,,,,,,,,,,,,,,,,,,,,,,,,,,,,,,,,,,,,,,,,,,,,,,,,,,,,,,,,,
2026-01-12,2AGMN3LY,HGST HUH721212ALN604,12000138625024,0,sac2,000,1122,19,0011,false,100,0,100,0,161,407,100,18,100,36,100,0,100,0,92,59042,100,0,,,100,18,,,,,,,,,,,100,100,,,,,,,,,,,,,,,,,,,,,,,,,,,,,,,,,,,,,,,,,,,,,,,,,,,,,,,,,,,,,,,,,,,,,,,99,2210,99,2210,193,31,,,100,36,100,206,100,319,200,0,,,,,,,,,,,,,,,,,,,,,,,,,,,,,,,,,,,,,,,,,,,,,,,,,,,,,,,,,,,,,,,,,,
2026-01-12,2BJB42BN,WDC WUH721816ALE6L4,16000900661248,0,phx1,040,2012,09,0038,false,100,0,136,96,84,327,100,13,100,53,100,0,140,15,96,30081,100,0,,,100,13,,,,,,,,,,,100,100,,,,,,,,,,,,,,,,,,,,,,,,,,,,,,,,,,,,,,,,,,,,,,,,,,,,,,,,,,,,,,,,,,,,,,,100,3618,100,3618,53,40,,,100,53,100,40,100,0,100,0,,,,,,,,,,,,,,,,,,,,,,,,,,,,,,,,,,,,,,,,,,,,,,,,,,,,,,,,,,,,,,,,,,
2026-01-13,13N0A06DFVKG,TOSHIBA MG08ACA16TA,16000900661248,0,phx1,040,2022,16,0043,false,100,0,100,0,100,8060,100,9,100,3,100,0,100,0,53,19088,100,0,,,100,9,,,,,,,,,,,,,100,0,100,0,,,,,,,,,,,,,,,,,,,,,,,,,,,,,,,,,,,,,,,,,,,,,,,,,,,,,,,,,,,,,,,,,100,0,100,8,100,20,100,35,,,100,3,100,2,100,0,200,0,,,,,,,,,,,,,,,,,100,269221891,53,18864,100,0,100,0,,,100,529,,,,,,,,,,,,,100,0,,,,,,,,,,,,,,,,,,,,,,,,
2026-01-13,2AGM5X0Y,HGST HUH721212ALN604,12000138625024,0,sac2,000,1124,13,0022,false,100,0,100,0,159,414,100,26,100,14,100,0,100,0,92,58460,100,0,,,100,25,,,,,,,,,,,100,100,,,,,,,,,,,,,,,,,,,,,,,,,,,,,,,,,,,,,,,,,,,,,,,,,,,,,,,,,,,,,,,,,,,,,,,99,2018,99,2018,187,32,,,100,14,100,58,100,57,200,0,,,,,,,,,,,,,,,,,,,,,,,,,,,,,,,,,,,,,,,,,,,,,,,,,,,,,,,,,,,,,,,,,,
2026-01-13,2AGMN3LY,HGST HUH721212ALN604,12000138625024,0,sac2,000,1122,19,0011,false,100,0,100,0,161,407,100,18,100,36,100,0,100,0,92,59057,100,0,,,100,18,,,,,,,,,,,100,100,,,,,,,,,,,,,,,,,,,,,,,,,,,,,,,,,,,,,,,,,,,,,,,,,,,,,,,,,,,,,,,,,,,,,,,99,2210,99,2210,193,31,,,100,36,100,206,100,319,200,0,,,,,,,,,,,,,,,,,,,,,,,,,,,,,,,,,,,,,,,,,,,,,,,,,,,,,,,,,,,,,,,,,,
2026-01-13,2BJB42BN,WDC WUH721816ALE6L4,16000900661248,0,phx1,040,2012,09,0038,false,100,0,136,96,84,327,100,13,100,57,100,0,140,15,96,30097,100,0,,,100,13,,,,,,,,,,,100,100,,,,,,,,,,,,,,,,,,,,,,,,,,,,,,,,,,,,,,,,,,,,,,,,,,,,,,,,,,,,,,,,,,,,,,,100,3623,100,3623,52,41,,,100,57,100,40,100,0,100,0,,,,,,,,,,,,,,,,,,,,,,,,,,,,,,,,,,,,,,,,,,,,,,,,,,,,,,,,,,,,,,,,,,
2026-01-14,13N0A06DFVKG,TOSHIBA MG08ACA16TA,16000900661248,0,phx1,040,2022,16,0043,false,100,0,100,0,100,8060,100,9,100,3,100,0,100,0,53,19119,100,0,,,100,9,,,,,,,,,,,,,100,0,100,0,,,,,,,,,,,,,,,,,,,,,,,,,,,,,,,,,,,,,,,,,,,,,,,,,,,,,,,,,,,,,,,,,100,0,100,8,100,20,100,35,,,100,3,100,2,100,0,200,0,,,,,,,,,,,,,,,,,100,134479877,53,18895,100,0,100,0,,,100,529,,,,,,,,,,,,,100,0,,,,,,,,,,,,,,,,,,,,,,,,
2026-01-14,2AGM5X0Y,HGST HUH721212ALN604,12000138625024,0,sac2,000,1124,13,0022,false,100,0,100,0,159,414,100,26,100,14,100,0,100,0,92,58475,100,0,,,100,25,,,,,,,,,,,100,100,,,,,,,,,,,,,,,,,,,,,,,,,,,,,,,,,,,,,,,,,,,,,,,,,,,,,,,,,,,,,,,,,,,,,,,99,2018,99,2018,193,31,,,100,14,100,58,100,57,200,0,,,,,,,,,,,,,,,,,,,,,,,,,,,,,,,,,,,,,,,,,,,,,,,,,,,,,,,,,,,,,,,,,,
2026-01-14,2AGMN3LY,HGST HUH721212ALN604,12000138625024,0,sac2,000,1122,19,0011,false,100,0,100,0,161,407,100,18,100,36,100,0,100,0,92,59073,100,0,,,100,18,,,,,,,,,,,100,100,,,,,,,,,,,,,,,,,,,,,,,,,,,,,,,,,,,,,,,,,,,,,,,,,,,,,,,,,,,,,,,,,,,,,,,99,2211,99,2211,193,31,,,100,36,100,206,100,319,200,0,,,,,,,,,,,,,,,,,,,,,,,,,,,,,,,,,,,,,,,,,,,,,,,,,,,,,,,,,,,,,,,,,,
2026-01-14,2BJB42BN,WDC WUH721816ALE6L4,16000900661248,0,phx1,040,2012,09,0038,false,100,0,136,96,84,327,100,13,100,57,100,0,140,15,96,30128,100,0,,,100,13,,,,,,,,,,,100,100,,,,,,,,,,,,,,,,,,,,,,,,,,,,,,,,,,,,,,,,,,,,,,,,,,,,,,,,,,,,,,,,,,,,,,,100,3624,100,3624,53,40,,,100,57,100,40,100,0,100,0,,,,,,,,,,,,,,,,,,,,,,,,,,,,,,,,,,,,,,,,,,,,,,,,,,,,,,,,,,,,,,,,,,
2026-01-15,13N0A06DFVKG,TOSHIBA MG08ACA16TA,16000900661248,0,phx1,040,2022,16,0043,false,100,0,100,0,100,8060,100,9,100,3,100,0,100,0,53,19149,100,0,,,100,9,,,,,,,,,,,,,100,0,100,0,,,,,,,,,,,,,,,,,,,,,,,,,,,,,,,,,,,,,,,,,,,,,,,,,,,,,,,,,,,,,,,,,100,0,100,8,100,20,100,36,,,100,3,100,2,100,0,200,0,,,,,,,,,,,,,,,,,100,218759174,53,18926,100,0,100,0,,,100,529,,,,,,,,,,,,,100,0,,,,,,,,,,,,,,,,,,,,,,,,
2026-01-15,2AGM5X0Y,HGST HUH721212ALN604,12000138625024,0,sac2,000,1124,13,0022,false,100,0,100,0,159,414,100,26,100,14,100,0,100,0,92,58505,100,0,,,100,25,,,,,,,,,,,100,100,,,,,,,,,,,,,,,,,,,,,,,,,,,,,,,,,,,,,,,,,,,,,,,,,,,,,,,,,,,,,,,,,,,,,,,99,2019,99,2019,181,33,,,100,14,100,58,100,57,200,0,,,,,,,,,,,,,,,,,,,,,,,,,,,,,,,,,,,,,,,,,,,,,,,,,,,,,,,,,,,,,,,,,,
2026-01-15,2AGMN3LY,HGST HUH721212ALN604,12000138625024,0,sac2,000,1122,19,0011,false,100,0,100,0,161,407,100,18,100,36,100,0,100,0,92,59103,100,0,,,100,18,,,,,,,,,,,100,100,,,,,,,,,,,,,,,,,,,,,,,,,,,,,,,,,,,,,,,,,,,,,,,,,,,,,,,,,,,,,,,,,,,,,,,99,2212,99,2212,193,31,,,100,36,100,206,100,319,200,0,,,,,,,,,,,,,,,,,,,,,,,,,,,,,,,,,,,,,,,,,,,,,,,,,,,,,,,,,,,,,,,,,,
2026-01-15,2BJB42BN,WDC WUH721816ALE6L4,16000900661248,0,phx1,040,2012,09,0038,false,100,0,136,96,84,327,100,13,100,57,100,0,140,15,96,30144,100,0,,,100,13,,,,,,,,,,,100,100,,,,,,,,,,,,,,,,,,,,,,,,,,,,,,,,,,,,,,,,,,,,,,,,,,,,,,,,,,,,,,,,,,,,,,,100,3625,100,3625,53,40,,,100,57,100,40,100,0,100,0,,,,,,,,,,,,,,,,,,,,,,,,,,,,,,,,,,,,,,,,,,,,,,,,,,,,,,,,,,,,,,,,,,
2026-01-16,13N0A06DFVKG,TOSHIBA MG08ACA16TA,16000900661248,0,phx1,040,2022,16,0043,false,100,0,100,0,100,8060,100,9,100,3,100,0,100,0,53,19165,100,0,,,100,9,,,,,,,,,,,,,100,0,100,0,,,,,,,,,,,,,,,,,,,,,,,,,,,,,,,,,,,,,,,,,,,,,,,,,,,,,,,,,,,,,,,,,100,0,100,8,100,20,100,36,,,100,3,100,2,100,0,200,0,,,,,,,,,,,,,,,,,100,218759174,53,18942,100,0,100,0,,,100,529,,,,,,,,,,,,,100,0,,,,,,,,,,,,,,,,,,,,,,,,
2026-01-16,2AGM5X0Y,HGST HUH721212ALN604,12000138625024,0,sac2,000,1124,13,,false,100,0,100,0,159,414,100,26,100,14,100,0,100,0,92,58520,100,0,,,100,25,,,,,,,,,,,100,100,,,,,,,,,,,,,,,,,,,,,,,,,,,,,,,,,,,,,,,,,,,,,,,,,,,,,,,,,,,,,,,,,,,,,,,99,2019,99,2019,187,32,,,100,14,100,58,100,57,200,0,,,,,,,,,,,,,,,,,,,,,,,,,,,,,,,,,,,,,,,,,,,,,,,,,,,,,,,,,,,,,,,,,,
2026-01-16,2AGMN3LY,HGST HUH721212ALN604,12000138625024,0,sac2,000,1122,19,0011,false,100,0,100,0,161,407,100,18,100,36,100,0,100,0,92,59134,100,0,,,100,18,,,,,,,,,,,100,100,,,,,,,,,,,,,,,,,,,,,,,,,,,,,,,,,,,,,,,,,,,,,,,,,,,,,,,,,,,,,,,,,,,,,,,99,2213,99,2213,193,31,,,100,36,100,206,100,319,200,0,,,,,,,,,,,,,,,,,,,,,,,,,,,,,,,,,,,,,,,,,,,,,,,,,,,,,,,,,,,,,,,,,,
2026-01-16,2BJB42BN,WDC WUH721816ALE6L4,16000900661248,0,phx1,040,2012,09,0038,false,100,0,136,96,84,327,100,13,100,57,100,0,140,15,96,30175,100,0,,,100,13,,,,,,,,,,,100,100,,,,,,,,,,,,,,,,,,,,,,,,,,,,,,,,,,,,,,,,,,,,,,,,,,,,,,,,,,,,,,,,,,,,,,,100,3626,100,3626,53,40,,,100,57,100,40,100,0,100,0,,,,,,,,,,,,,,,,,,,,,,,,,,,,,,,,,,,,,,,,,,,,,,,,,,,,,,,,,,,,,,,,,,
2026-01-17,13N0A06DFVKG,TOSHIBA MG08ACA16TA,16000900661248,0,phx1,040,2022,16,0043,false,100,0,100,0,100,8060,100,9,100,3,100,0,100,0,53,19196,100,0,,,100,9,,,,,,,,,,,,,100,0,100,0,,,,,,,,,,,,,,,,,,,,,,,,,,,,,,,,,,,,,,,,,,,,,,,,,,,,,,,,,,,,,,,,,100,0,100,8,100,20,100,35,,,100,3,100,2,100,0,200,0,,,,,,,,,,,,,,,,,100,203554821,53,18972,100,0,100,0,,,100,529,,,,,,,,,,,,,100,0,,,,,,,,,,,,,,,,,,,,,,,,
2026-01-17,2AGMN3LY,HGST HUH721212ALN604,12000138625024,0,sac2,000,1122,19,0011,false,100,0,100,0,161,407,100,18,100,36,100,0,100,0,92,59150,100,0,,,100,18,,,,,,,,,,,100,100,,,,,,,,,,,,,,,,,,,,,,,,,,,,,,,,,,,,,,,,,,,,,,,,,,,,,,,,,,,,,,,,,,,,,,,99,2214,99,2214,193,31,,,100,36,100,206,100,319,200,0,,,,,,,,,,,,,,,,,,,,,,,,,,,,,,,,,,,,,,,,,,,,,,,,,,,,,,,,,,,,,,,,,,
2026-01-17,2BJB42BN,WDC WUH721816ALE6L4,16000900661248,0,phx1,040,2012,09,0038,false,100,0,136,96,84,327,100,13,100,57,100,0,140,15,96,30191,100,0,,,100,13,,,,,,,,,,,100,100,,,,,,,,,,,,,,,,,,,,,,,,,,,,,,,,,,,,,,,,,,,,,,,,,,,,,,,,,,,,,,,,,,,,,,,100,3626,100,3626,53,40,,,100,57,100,40,100,0,100,0,,,,,,,,,,,,,,,,,,,,,,,,,,,,,,,,,,,,,,,,,,,,,,,,,,,,,,,,,,,,,,,,,,
2026-01-18,13N0A06DFVKG,TOSHIBA MG08ACA16TA,16000900661248,0,phx1,040,2022,16,0043,false,100,0,100,0,100,8060,100,9,100,3,100,0,100,0,52,19211,100,0,,,100,9,,,,,,,,,,,,,100,0,100,0,,,,,,,,,,,,,,,,,,,,,,,,,,,,,,,,,,,,,,,,,,,,,,,,,,,,,,,,,,,,,,,,,100,0,100,8,100,20,100,36,,,100,3,100,2,100,0,200,0,,,,,,,,,,,,,,,,,100,285736964,53,18988,100,0,100,0,,,100,529,,,,,,,,,,,,,100,0,,,,,,,,,,,,,,,,,,,,,,,,
2026-01-18,2AGMN3LY,HGST HUH721212ALN604,12000138625024,0,sac2,000,1122,19,0011,false,100,0,100,0,161,407,100,18,100,36,100,0,100,0,92,59180,100,0,,,100,18,,,,,,,,,,,100,100,,,,,,,,,,,,,,,,,,,,,,,,,,,,,,,,,,,,,,,,,,,,,,,,,,,,,,,,,,,,,,,,,,,,,,,99,2215,99,2215,193,31,,,100,36,100,206,100,319,200,0,,,,,,,,,,,,,,,,,,,,,,,,,,,,,,,,,,,,,,,,,,,,,,,,,,,,,,,,,,,,,,,,,,
2026-01-18,2BJB42BN,WDC WUH721816ALE6L4,16000900661248,0,phx1,040,2012,09,0038,false,100,0,136,96,84,327,100,13,100,59,100,0,140,15,96,30223,100,0,,,100,13,,,,,,,,,,,100,100,,,,,,,,,,,,,,,,,,,,,,,,,,,,,,,,,,,,,,,,,,,,,,,,,,,,,,,,,,,,,,,,,,,,,,,100,3629,100,3629,53,40,,,100,59,100,40,100,0,100,0,,,,,,,,,,,,,,,,,,,,,,,,,,,,,,,,,,,,,,,,,,,,,,,,,,,,,,,,,,,,,,,,,,
2026-01-19,13N0A06DFVKG,TOSHIBA MG08ACA16TA,16000900661248,0,phx1,040,2022,16,0043,false,100,0,100,0,100,8060,100,9,100,3,100,0,100,0,52,19242,100,0,,,100,9,,,,,,,,,,,,,100,0,100,0,,,,,,,,,,,,,,,,,,,,,,,,,,,,,,,,,,,,,,,,,,,,,,,,,,,,,,,,,,,,,,,,,100,0,100,8,100,20,100,34,,,100,3,100,2,100,0,200,0,,,,,,,,,,,,,,,,,100,118620164,53,19019,100,0,100,0,,,100,529,,,,,,,,,,,,,100,0,,,,,,,,,,,,,,,,,,,,,,,,
2026-01-19,2AGMN3LY,HGST HUH721212ALN604,12000138625024,0,sac2,000,1122,19,0011,false,100,0,100,0,161,407,100,18,100,36,100,0,100,0,92,59196,100,0,,,100,18,,,,,,,,,,,100,100,,,,,,,,,,,,,,,,,,,,,,,,,,,,,,,,,,,,,,,,,,,,,,,,,,,,,,,,,,,,,,,,,,,,,,,99,2216,99,2216,193,31,,,100,36,100,206,100,319,200,0,,,,,,,,,,,,,,,,,,,,,,,,,,,,,,,,,,,,,,,,,,,,,,,,,,,,,,,,,,,,,,,,,,
2026-01-19,2BJB42BN,WDC WUH721816ALE6L4,16000900661248,0,phx1,040,2012,09,0038,false,100,0,136,96,84,327,100,13,100,59,100,0,140,15,96,30238,100,0,,,100,13,,,,,,,,,,,100,100,,,,,,,,,,,,,,,,,,,,,,,,,,,,,,,,,,,,,,,,,,,,,,,,,,,,,,,,,,,,,,,,,,,,,,,100,3630,100,3630,53,40,,,100,59,100,40,100,0,100,0,,,,,,,,,,,,,,,,,,,,,,,,,,,,,,,,,,,,,,,,,,,,,,,,,,,,,,,,,,,,,,,,,,
2026-01-20,13N0A06DFVKG,TOSHIBA MG08ACA16TA,16000900661248,0,phx1,040,2022,16,0043,false,100,0,100,0,100,8060,100,9,100,3,100,0,100,0,52,19257,100,0,,,100,9,,,,,,,,,,,,,100,0,100,0,,,,,,,,,,,,,,,,,,,,,,,,,,,,,,,,,,,,,,,,,,,,,,,,,,,,,,,,,,,,,,,,,100,0,100,8,100,20,100,35,,,100,3,100,2,100,0,200,0,,,,,,,,,,,,,,,,,100,218759171,53,19034,100,0,100,0,,,100,529,,,,,,,,,,,,,100,0,,,,,,,,,,,,,,,,,,,,,,,,
2026-01-20,2AGMN3LY,HGST HUH721212ALN604,12000138625024,0,sac2,000,1122,19,0011,false,100,0,100,0,161,407,100,18,100,36,100,0,100,0,92,59227,100,0,,,100,18,,,,,,,,,,,100,100,,,,,,,,,,,,,,,,,,,,,,,,,,,,,,,,,,,,,,,,,,,,,,,,,,,,,,,,,,,,,,,,,,,,,,,99,2217,99,2217,193,31,,,100,36,100,206,100,319,200,0,,,,,,,,,,,,,,,,,,,,,,,,,,,,,,,,,,,,,,,,,,,,,,,,,,,,,,,,,,,,,,,,,,
2026-01-20,2BJB42BN,WDC WUH721816ALE6L4,16000900661248,0,phx1,040,2012,09,0038,false,100,0,136,96,84,327,100,13,100,59,100,0,140,15,96,30270,100,0,,,100,13,,,,,,,,,,,100,100,,,,,,,,,,,,,,,,,,,,,,,,,,,,,,,,,,,,,,,,,,,,,,,,,,,,,,,,,,,,,,,,,,,,,,,100,3631,100,3631,53,40,,,100,59,100,40,100,0,100,0,,,,,,,,,,,,,,,,,,,,,,,,,,,,,,,,,,,,,,,,,,,,,,,,,,,,,,,,,,,,,,,,,,
2026-01-21,13N0A06DFVKG,TOSHIBA MG08ACA16TA,16000900661248,0,phx1,040,2022,16,0043,false,100,0,100,0,100,8060,100,9,100,3,100,0,100,0,52,19288,100,0,,,100,9,,,,,,,,,,,,,100,0,100,0,,,,,,,,,,,,,,,,,,,,,,,,,,,,,,,,,,,,,,,,,,,,,,,,,,,,,,,,,,,,,,,,,100,0,100,8,100,20,100,36,,,100,3,100,2,100,0,200,0,,,,,,,,,,,,,,,,,100,203554821,53,19065,100,0,100,0,,,100,529,,,,,,,,,,,,,100,0,,,,,,,,,,,,,,,,,,,,,,,,
2026-01-21,2AGMN3LY,HGST HUH721212ALN604,12000138625024,0,sac2,000,1122,19,0011,false,100,0,100,0,161,407,100,18,100,36,100,0,100,0,92,59258,100,0,,,100,18,,,,,,,,,,,100,100,,,,,,,,,,,,,,,,,,,,,,,,,,,,,,,,,,,,,,,,,,,,,,,,,,,,,,,,,,,,,,,,,,,,,,,99,2218,99,2218,193,31,,,100,36,100,206,100,319,200,0,,,,,,,,,,,,,,,,,,,,,,,,,,,,,,,,,,,,,,,,,,,,,,,,,,,,,,,,,,,,,,,,,,
2026-01-21,2BJB42BN,WDC WUH721816ALE6L4,16000900661248,0,phx1,040,2012,09,0038,false,100,0,136,96,84,327,100,13,100,59,100,0,140,15,96,30285,100,0,,,100,13,,,,,,,,,,,100,100,,,,,,,,,,,,,,,,,,,,,,,,,,,,,,,,,,,,,,,,,,,,,,,,,,,,,,,,,,,,,,,,,,,,,,,100,3632,100,3632,53,40,,,100,59,100,40,100,0,100,0,,,,,,,,,,,,,,,,,,,,,,,,,,,,,,,,,,,,,,,,,,,,,,,,,,,,,,,,,,,,,,,,,,
2026-01-22,13N0A06DFVKG,TOSHIBA MG08ACA16TA,16000900661248,0,phx1,040,2022,16,0043,false,100,0,100,0,100,8060,100,9,100,3,100,0,100,0,52,19303,100,0,,,100,9,,,,,,,,,,,,,100,0,100,0,,,,,,,,,,,,,,,,,,,,,,,,,,,,,,,,,,,,,,,,,,,,,,,,,,,,,,,,,,,,,,,,,100,0,100,8,100,20,100,36,,,100,3,100,2,100,0,200,0,,,,,,,,,,,,,,,,,100,1048579,53,19080,100,0,100,0,,,100,529,,,,,,,,,,,,,100,0,,,,,,,,,,,,,,,,,,,,,,,,
2026-01-22,2AGMN3LY,HGST HUH721212ALN604,12000138625024,0,sac2,000,1122,19,0011,false,100,0,100,0,161,407,100,18,100,36,100,0,100,0,92,59274,100,0,,,100,18,,,,,,,,,,,100,100,,,,,,,,,,,,,,,,,,,,,,,,,,,,,,,,,,,,,,,,,,,,,,,,,,,,,,,,,,,,,,,,,,,,,,,99,2218,99,2218,193,31,,,100,36,100,206,100,319,200,0,,,,,,,,,,,,,,,,,,,,,,,,,,,,,,,,,,,,,,,,,,,,,,,,,,,,,,,,,,,,,,,,,,
2026-01-22,2BJB42BN,WDC WUH721816ALE6L4,16000900661248,0,phx1,040,2012,09,0038,false,100,0,136,96,84,327,100,13,100,59,100,0,140,15,96,30317,100,0,,,100,13,,,,,,,,,,,100,100,,,,,,,,,,,,,,,,,,,,,,,,,,,,,,,,,,,,,,,,,,,,,,,,,,,,,,,,,,,,,,,,,,,,,,,100,3633,100,3633,53,40,,,100,59,100,40,100,0,100,0,,,,,,,,,,,,,,,,,,,,,,,,,,,,,,,,,,,,,,,,,,,,,,,,,,,,,,,,,,,,,,,,,,
2026-01-23,13N0A06DFVKG,TOSHIBA MG08ACA16TA,16000900661248,0,phx1,040,2022,16,0043,false,100,0,100,0,100,8060,100,9,100,3,100,0,100,0,52,19334,100,0,,,100,9,,,,,,,,,,,,,100,0,100,0,,,,,,,,,,,,,,,,,,,,,,,,,,,,,,,,,,,,,,,,,,,,,,,,,,,,,,,,,,,,,,,,,100,0,100,8,100,20,100,35,,,100,3,100,2,100,0,200,0,,,,,,,,,,,,,,,,,100,203554824,53,19111,100,0,100,0,,,100,529,,,,,,,,,,,,,100,0,,,,,,,,,,,,,,,,,,,,,,,,
2026-01-23,2AGMN3LY,HGST HUH721212ALN604,12000138625024,0,sac2,000,1122,19,0011,false,100,0,100,0,161,407,100,18,100,36,100,0,100,0,92,59305,100,0,,,100,18,,,,,,,,,,,100,100,,,,,,,,,,,,,,,,,,,,,,,,,,,,,,,,,,,,,,,,,,,,,,,,,,,,,,,,,,,,,,,,,,,,,,,99,2220,99,2220,187,32,,,100,36,100,206,100,319,200,0,,,,,,,,,,,,,,,,,,,,,,,,,,,,,,,,,,,,,,,,,,,,,,,,,,,,,,,,,,,,,,,,,,
2026-01-23,2BJB42BN,WDC WUH721816ALE6L4,16000900661248,0,phx1,040,2012,09,0038,false,100,0,136,96,84,327,100,13,100,59,100,0,140,15,96,30332,100,0,,,100,13,,,,,,,,,,,100,100,,,,,,,,,,,,,,,,,,,,,,,,,,,,,,,,,,,,,,,,,,,,,,,,,,,,,,,,,,,,,,,,,,,,,,,100,3634,100,3634,53,40,,,100,59,100,40,100,0,100,0,,,,,,,,,,,,,,,,,,,,,,,,,,,,,,,,,,,,,,,,,,,,,,,,,,,,,,,,,,,,,,,,,,
2026-01-24,13N0A06DFVKG,TOSHIBA MG08ACA16TA,16000900661248,0,phx1,040,2022,16,0043,false,100,0,100,0,100,8060,100,9,100,3,100,0,100,0,52,19365,100,0,,,100,9,,,,,,,,,,,,,100,0,100,0,,,,,,,,,,,,,,,,,,,,,,,,,,,,,,,,,,,,,,,,,,,,,,,,,,,,,,,,,,,,,,,,,100,0,100,8,100,20,100,36,,,100,3,100,2,100,0,200,0,,,,,,,,,,,,,,,,,100,203554826,53,19142,100,0,100,0,,,100,529,,,,,,,,,,,,,100,0,,,,,,,,,,,,,,,,,,,,,,,,
2026-01-24,2AGMN3LY,HGST HUH721212ALN604,12000138625024,0,sac2,000,1122,19,0011,false,100,0,100,0,161,407,100,18,100,36,100,0,100,0,92,59320,100,0,,,100,18,,,,,,,,,,,100,100,,,,,,,,,,,,,,,,,,,,,,,,,,,,,,,,,,,,,,,,,,,,,,,,,,,,,,,,,,,,,,,,,,,,,,,99,2220,99,2220,187,32,,,100,36,100,206,100,319,200,0,,,,,,,,,,,,,,,,,,,,,,,,,,,,,,,,,,,,,,,,,,,,,,,,,,,,,,,,,,,,,,,,,,
2026-01-24,2BJB42BN,WDC WUH721816ALE6L4,16000900661248,0,phx1,040,2012,09,0038,false,100,0,136,96,84,327,100,13,100,59,100,0,140,15,96,30364,100,0,,,100,13,,,,,,,,,,,100,100,,,,,,,,,,,,,,,,,,,,,,,,,,,,,,,,,,,,,,,,,,,,,,,,,,,,,,,,,,,,,,,,,,,,,,,100,3635,100,3635,53,40,,,100,59,100,40,100,0,100,0,,,,,,,,,,,,,,,,,,,,,,,,,,,,,,,,,,,,,,,,,,,,,,,,,,,,,,,,,,,,,,,,,,
2026-01-25,13N0A06DFVKG,TOSHIBA MG08ACA16TA,16000900661248,0,phx1,040,2022,16,0043,false,100,0,100,0,100,8060,100,9,100,3,100,0,100,0,52,19380,100,0,,,100,9,,,,,,,,,,,,,100,0,100,0,,,,,,,,,,,,,,,,,,,,,,,,,,,,,,,,,,,,,,,,,,,,,,,,,,,,,,,,,,,,,,,,,100,0,100,8,100,20,100,36,,,100,3,100,2,100,0,200,0,,,,,,,,,,,,,,,,,100,35651587,53,19157,100,0,100,0,,,100,529,,,,,,,,,,,,,100,0,,,,,,,,,,,,,,,,,,,,,,,,
2026-01-25,2AGMN3LY,HGST HUH721212ALN604,12000138625024,0,sac2,000,1122,19,0011,false,100,0,100,0,161,407,100,18,100,36,100,0,100,0,92,59351,100,0,,,100,18,,,,,,,,,,,100,100,,,,,,,,,,,,,,,,,,,,,,,,,,,,,,,,,,,,,,,,,,,,,,,,,,,,,,,,,,,,,,,,,,,,,,,99,2222,99,2222,193,31,,,100,36,100,206,100,319,200,0,,,,,,,,,,,,,,,,,,,,,,,,,,,,,,,,,,,,,,,,,,,,,,,,,,,,,,,,,,,,,,,,,,
2026-01-25,2BJB42BN,WDC WUH721816ALE6L4,16000900661248,0,phx1,040,2012,09,0038,false,100,0,136,96,84,327,100,13,100,59,100,0,140,15,96,30395,100,0,,,100,13,,,,,,,,,,,100,100,,,,,,,,,,,,,,,,,,,,,,,,,,,,,,,,,,,,,,,,,,,,,,,,,,,,,,,,,,,,,,,,,,,,,,,100,3637,100,3637,53,40,,,100,59,100,40,100,0,100,0,,,,,,,,,,,,,,,,,,,,,,,,,,,,,,,,,,,,,,,,,,,,,,,,,,,,,,,,,,,,,,,,,,
2026-01-26,13N0A06DFVKG,TOSHIBA MG08ACA16TA,16000900661248,0,phx1,040,2022,16,0043,false,100,0,100,0,100,8060,100,9,100,3,100,0,100,0,52,19411,100,0,,,100,9,,,,,,,,,,,,,100,0,100,0,,,,,,,,,,,,,,,,,,,,,,,,,,,,,,,,,,,,,,,,,,,,,,,,,,,,,,,,,,,,,,,,,100,0,100,8,100,20,100,35,,,100,3,100,2,100,0,200,0,,,,,,,,,,,,,,,,,100,1048580,53,19188,100,0,100,0,,,100,529,,,,,,,,,,,,,100,0,,,,,,,,,,,,,,,,,,,,,,,,
2026-01-26,2AGMN3LY,HGST HUH721212ALN604,12000138625024,0,sac2,000,1122,19,0011,false,100,0,100,0,161,407,100,18,100,36,100,0,100,0,92,59366,100,0,,,100,18,,,,,,,,,,,100,100,,,,,,,,,,,,,,,,,,,,,,,,,,,,,,,,,,,,,,,,,,,,,,,,,,,,,,,,,,,,,,,,,,,,,,,99,2222,99,2222,193,31,,,100,36,100,206,100,319,200,0,,,,,,,,,,,,,,,,,,,,,,,,,,,,,,,,,,,,,,,,,,,,,,,,,,,,,,,,,,,,,,,,,,
2026-01-26,2BJB42BN,WDC WUH721816ALE6L4,16000900661248,0,phx1,040,2012,09,0038,false,100,0,136,96,84,327,100,13,100,59,100,0,140,15,96,30411,100,0,,,100,13,,,,,,,,,,,100,100,,,,,,,,,,,,,,,,,,,,,,,,,,,,,,,,,,,,,,,,,,,,,,,,,,,,,,,,,,,,,,,,,,,,,,,100,3637,100,3637,53,40,,,100,59,100,40,100,0,100,0,,,,,,,,,,,,,,,,,,,,,,,,,,,,,,,,,,,,,,,,,,,,,,,,,,,,,,,,,,,,,,,,,,
2026-01-27,13N0A06DFVKG,TOSHIBA MG08ACA16TA,16000900661248,0,phx1,040,2022,16,0043,false,100,0,100,0,100,8060,100,9,100,3,100,0,100,0,52,19427,100,0,,,100,9,,,,,,,,,,,,,100,0,100,0,,,,,,,,,,,,,,,,,,,,,,,,,,,,,,,,,,,,,,,,,,,,,,,,,,,,,,,,,,,,,,,,,100,0,100,8,100,20,100,36,,,100,3,100,2,100,0,200,0,,,,,,,,,,,,,,,,,100,68943875,52,19203,100,0,100,0,,,100,529,,,,,,,,,,,,,100,0,,,,,,,,,,,,,,,,,,,,,,,,
2026-01-27,2AGMN3LY,HGST HUH721212ALN604,12000138625024,0,sac2,000,1122,19,0011,false,100,0,100,0,161,407,100,18,100,36,100,0,100,0,92,59397,100,0,,,100,18,,,,,,,,,,,100,100,,,,,,,,,,,,,,,,,,,,,,,,,,,,,,,,,,,,,,,,,,,,,,,,,,,,,,,,,,,,,,,,,,,,,,,99,2223,99,2223,193,31,,,100,36,100,207,100,319,200,0,,,,,,,,,,,,,,,,,,,,,,,,,,,,,,,,,,,,,,,,,,,,,,,,,,,,,,,,,,,,,,,,,,
2026-01-27,2BJB42BN,WDC WUH721816ALE6L4,16000900661248,0,phx1,040,2012,09,0038,false,100,0,136,96,84,327,100,13,100,59,100,0,140,15,96,30442,100,0,,,100,13,,,,,,,,,,,100,100,,,,,,,,,,,,,,,,,,,,,,,,,,,,,,,,,,,,,,,,,,,,,,,,,,,,,,,,,,,,,,,,,,,,,,,100,3638,100,3638,52,41,,,100,59,100,40,100,0,100,0,,,,,,,,,,,,,,,,,,,,,,,,,,,,,,,,,,,,,,,,,,,,,,,,,,,,,,,,,,,,,,,,,,
2026-01-28,13N0A06DFVKG,TOSHIBA MG08ACA16TA,16000900661248,0,phx1,040,2022,16,0043,false,100,0,100,0,100,8060,100,9,100,3,100,0,100,0,52,19457,100,0,,,100,9,,,,,,,,,,,,,100,0,100,0,,,,,,,,,,,,,,,,,,,,,,,,,,,,,,,,,,,,,,,,,,,,,,,,,,,,,,,,,,,,,,,,,100,0,100,8,100,20,100,35,,,100,3,100,2,100,0,200,0,,,,,,,,,,,,,,,,,100,251789317,52,19234,100,0,100,0,,,100,529,,,,,,,,,,,,,100,0,,,,,,,,,,,,,,,,,,,,,,,,
2026-01-28,2AGMN3LY,HGST HUH721212ALN604,12000138625024,0,sac2,000,1122,19,0011,false,100,0,100,0,161,407,100,18,100,36,100,0,100,0,92,59412,100,0,,,100,18,,,,,,,,,,,100,100,,,,,,,,,,,,,,,,,,,,,,,,,,,,,,,,,,,,,,,,,,,,,,,,,,,,,,,,,,,,,,,,,,,,,,,99,2224,99,2224,193,31,,,100,36,100,207,100,319,200,0,,,,,,,,,,,,,,,,,,,,,,,,,,,,,,,,,,,,,,,,,,,,,,,,,,,,,,,,,,,,,,,,,,
2026-01-28,2BJB42BN,WDC WUH721816ALE6L4,16000900661248,0,phx1,040,2012,09,0038,false,100,0,136,96,84,327,100,13,100,59,100,0,140,15,96,30457,100,0,,,100,13,,,,,,,,,,,100,100,,,,,,,,,,,,,,,,,,,,,,,,,,,,,,,,,,,,,,,,,,,,,,,,,,,,,,,,,,,,,,,,,,,,,,,100,3639,100,3639,53,40,,,100,59,100,40,100,0,100,0,,,,,,,,,,,,,,,,,,,,,,,,,,,,,,,,,,,,,,,,,,,,,,,,,,,,,,,,,,,,,,,,,,
2026-01-29,13N0A06DFVKG,TOSHIBA MG08ACA16TA,16000900661248,0,phx1,040,2022,16,0043,false,100,0,100,0,100,8060,100,9,100,3,100,0,100,0,52,19473,100,0,,,100,9,,,,,,,,,,,,,100,0,100,0,,,,,,,,,,,,,,,,,,,,,,,,,,,,,,,,,,,,,,,,,,,,,,,,,,,,,,,,,,,,,,,,,100,0,100,8,100,20,100,35,,,100,3,100,2,100,0,200,0,,,,,,,,,,,,,,,,,100,102105093,52,19250,100,0,100,0,,,100,529,,,,,,,,,,,,,100,0,,,,,,,,,,,,,,,,,,,,,,,,
2026-01-29,2AGMN3LY,HGST HUH721212ALN604,12000138625024,0,sac2,000,1122,19,0011,false,100,0,100,0,161,407,100,18,100,36,100,0,100,0,92,59443,100,0,,,100,18,,,,,,,,,,,100,100,,,,,,,,,,,,,,,,,,,,,,,,,,,,,,,,,,,,,,,,,,,,,,,,,,,,,,,,,,,,,,,,,,,,,,,99,2224,99,2224,193,31,,,100,36,100,207,100,319,200,0,,,,,,,,,,,,,,,,,,,,,,,,,,,,,,,,,,,,,,,,,,,,,,,,,,,,,,,,,,,,,,,,,,
2026-01-29,2BJB42BN,WDC WUH721816ALE6L4,16000900661248,0,phx1,040,2012,09,0038,false,100,0,136,96,84,327,100,13,100,59,100,0,140,15,96,30473,100,0,,,100,13,,,,,,,,,,,100,100,,,,,,,,,,,,,,,,,,,,,,,,,,,,,,,,,,,,,,,,,,,,,,,,,,,,,,,,,,,,,,,,,,,,,,,100,3640,100,3640,52,41,,,100,59,100,40,100,0,100,0,,,,,,,,,,,,,,,,,,,,,,,,,,,,,,,,,,,,,,,,,,,,,,,,,,,,,,,,,,,,,,,,,,
2026-01-30,13N0A06DFVKG,TOSHIBA MG08ACA16TA,16000900661248,0,phx1,040,2022,16,0043,false,100,0,100,0,100,8060,100,9,100,3,100,0,100,0,52,19504,100,0,,,100,9,,,,,,,,,,,,,100,0,100,0,,,,,,,,,,,,,,,,,,,,,,,,,,,,,,,,,,,,,,,,,,,,,,,,,,,,,,,,,,,,,,,,,100,0,100,8,100,20,100,35,,,100,3,100,2,100,0,200,0,,,,,,,,,,,,,,,,,100,68943876,52,19280,100,0,100,0,,,100,529,,,,,,,,,,,,,100,0,,,,,,,,,,,,,,,,,,,,,,,,
2026-01-30,2AGMN3LY,HGST HUH721212ALN604,12000138625024,0,sac2,000,1122,19,0011,false,100,0,100,0,161,407,100,18,100,36,100,0,100,0,92,59474,100,0,,,100,18,,,,,,,,,,,100,100,,,,,,,,,,,,,,,,,,,,,,,,,,,,,,,,,,,,,,,,,,,,,,,,,,,,,,,,,,,,,,,,,,,,,,,99,2225,99,2225,193,31,,,100,36,100,207,100,319,200,0,,,,,,,,,,,,,,,,,,,,,,,,,,,,,,,,,,,,,,,,,,,,,,,,,,,,,,,,,,,,,,,,,,
2026-01-30,2BJB42BN,WDC WUH721816ALE6L4,16000900661248,0,phx1,040,2012,09,0038,false,100,0,136,96,84,329,100,13,100,59,100,0,140,15,96,30508,100,0,,,100,13,,,,,,,,,,,100,100,,,,,,,,,,,,,,,,,,,,,,,,,,,,,,,,,,,,,,,,,,,,,,,,,,,,,,,,,,,,,,,,,,,,,,,100,3642,100,3642,53,40,,,100,59,100,40,100,0,100,0,,,,,,,,,,,,,,,,,,,,,,,,,,,,,,,,,,,,,,,,,,,,,,,,,,,,,,,,,,,,,,,,,,
2026-01-31,13N0A06DFVKG,TOSHIBA MG08ACA16TA,16000900661248,0,phx1,040,2022,16,0043,false,100,0,100,0,100,8060,100,9,100,3,100,0,100,0,52,19534,100,0,,,100,9,,,,,,,,,,,,,100,0,100,0,,,,,,,,,,,,,,,,,,,,,,,,,,,,,,,,,,,,,,,,,,,,,,,,,,,,,,,,,,,,,,,,,100,0,100,8,100,20,100,35,,,100,3,100,2,100,0,200,0,,,,,,,,,,,,,,,,,100,203554820,52,19311,100,0,100,0,,,100,529,,,,,,,,,,,,,100,0,,,,,,,,,,,,,,,,,,,,,,,,
2026-01-31,2AGMN3LY,HGST HUH721212ALN604,12000138625024,0,sac2,000,1122,19,0011,false,100,0,100,0,161,407,100,18,100,36,100,0,100,0,92,59489,100,0,,,100,18,,,,,,,,,,,100,100,,,,,,,,,,,,,,,,,,,,,,,,,,,,,,,,,,,,,,,,,,,,,,,,,,,,,,,,,,,,,,,,,,,,,,,99,2226,99,2226,187,32,,,100,36,100,207,100,319,200,0,,,,,,,,,,,,,,,,,,,,,,,,,,,,,,,,,,,,,,,,,,,,,,,,,,,,,,,,,,,,,,,,,,
2026-01-31,2BJB42BN,WDC WUH721816ALE6L4,16000900661248,0,phx1,040,2012,09,0038,false,100,0,136,96,84,329,100,13,100,59,100,0,140,15,96,30524,100,0,,,100,13,,,,,,,,,,,100,100,,,,,,,,,,,,,,,,,,,,,,,,,,,,,,,,,,,,,,,,,,,,,,,,,,,,,,,,,,,,,,,,,,,,,,,100,3642,100,3642,53,40,,,100,59,100,40,100,0,100,0,,,,,,,,,,,,,,,,,,,,,,,,,,,,,,,,,,,,,,,,,,,,,,,,,,,,,,,,,,,,,,,,,,
2026-02-01,13N0A06DFVKG,TOSHIBA MG08ACA16TA,16000900661248,0,phx1,040,2022,16,0043,false,100,0,100,0,100,8060,100,9,100,3,100,0,100,0,52,19550,100,0,,,100,9,,,,,,,,,,,,,100,0,100,0,,,,,,,,,,,,,,,,,,,,,,,,,,,,,,,,,,,,,,,,,,,,,,,,,,,,,,,,,,,,,,,,,100,0,100,8,100,20,100,35,,,100,3,100,2,100,0,200,0,,,,,,,,,,,,,,,,,100,203554820,52,19327,100,0,100,0,,,100,529,,,,,,,,,,,,,100,0,,,,,,,,,,,,,,,,,,,,,,,,
2026-02-01,2AGMN3LY,HGST HUH721212ALN604,12000138625024,0,sac2,000,1122,19,0011,false,100,0,100,0,161,407,100,18,100,36,100,0,100,0,92,59520,100,0,,,100,18,,,,,,,,,,,100,100,,,,,,,,,,,,,,,,,,,,,,,,,,,,,,,,,,,,,,,,,,,,,,,,,,,,,,,,,,,,,,,,,,,,,,,99,2227,99,2227,193,31,,,100,36,100,207,100,319,200,0,,,,,,,,,,,,,,,,,,,,,,,,,,,,,,,,,,,,,,,,,,,,,,,,,,,,,,,,,,,,,,,,,,
2026-02-01,2BJB42BN,WDC WUH721816ALE6L4,16000900661248,0,phx1,040,2012,09,0038,false,100,0,136,96,84,329,100,13,100,59,100,0,140,15,96,30555,100,0,,,100,13,,,,,,,,,,,100,100,,,,,,,,,,,,,,,,,,,,,,,,,,,,,,,,,,,,,,,,,,,,,,,,,,,,,,,,,,,,,,,,,,,,,,,100,3643,100,3643,53,40,,,100,59,100,40,100,0,100,0,,,,,,,,,,,,,,,,,,,,,,,,,,,,,,,,,,,,,,,,,,,,,,,,,,,,,,,,,,,,,,,,,,
2026-02-02,13N0A06DFVKG,TOSHIBA MG08ACA16TA,16000900661248,0,phx1,040,2022,16,0043,false,100,0,100,0,100,8060,100,9,100,3,100,0,100,0,52,19581,100,0,,,100,9,,,,,,,,,,,,,100,0,100,0,,,,,,,,,,,,,,,,,,,,,,,,,,,,,,,,,,,,,,,,,,,,,,,,,,,,,,,,,,,,,,,,,100,0,100,8,100,20,100,34,,,100,3,100,2,100,0,200,0,,,,,,,,,,,,,,,,,100,203554820,52,19357,100,0,100,0,,,100,529,,,,,,,,,,,,,100,0,,,,,,,,,,,,,,,,,,,,,,,,
2026-02-02,2AGM5X0Y,HGST HUH721212ALN604,12000138625024,0,sac2,000,1124,13,0022,false,93,917528,100,0,159,414,100,27,100,14,100,0,100,0,92,58938,100,0,,,100,25,,,,,,,,,,,100,100,,,,,,,,,,,,,,,,,,,,,,,,,,,,,,,,,,,,,,,,,,,,,,,,,,,,,,,,,,,,,,,,,,,,,,,99,2021,99,2021,187,32,,,100,14,100,76,100,57,200,0,,,,,,,,,,,,,,,,,,,,,,,,,,,,,,,,,,,,,,,,,,,,,,,,,,,,,,,,,,,,,,,,,,
2026-02-02,2AGMN3LY,HGST HUH721212ALN604,12000138625024,0,sac2,000,1122,19,0011,false,100,0,100,0,161,407,100,18,100,36,100,0,100,0,92,59536,100,0,,,100,18,,,,,,,,,,,100,100,,,,,,,,,,,,,,,,,,,,,,,,,,,,,,,,,,,,,,,,,,,,,,,,,,,,,,,,,,,,,,,,,,,,,,,99,2227,99,2227,187,32,,,100,36,100,207,100,319,200,0,,,,,,,,,,,,,,,,,,,,,,,,,,,,,,,,,,,,,,,,,,,,,,,,,,,,,,,,,,,,,,,,,,
2026-02-02,2BJB42BN,WDC WUH721816ALE6L4,16000900661248,0,phx1,040,2012,09,0038,false,100,0,136,96,84,329,100,13,100,59,100,0,140,15,96,30586,100,0,,,100,13,,,,,,,,,,,100,100,,,,,,,,,,,,,,,,,,,,,,,,,,,,,,,,,,,,,,,,,,,,,,,,,,,,,,,,,,,,,,,,,,,,,,,100,3645,100,3645,53,40,,,100,59,100,40,100,0,100,0,,,,,,,,,,,,,,,,,,,,,,,,,,,,,,,,,,,,,,,,,,,,,,,,,,,,,,,,,,,,,,,,,,
2026-02-03,13N0A06DFVKG,TOSHIBA MG08ACA16TA,16000900661248,0,phx1,040,2022,16,0043,false,100,0,100,0,100,8060,100,9,100,3,100,0,100,0,52,19596,100,0,,,100,9,,,,,,,,,,,,,100,0,100,0,,,,,,,,,,,,,,,,,,,,,,,,,,,,,,,,,,,,,,,,,,,,,,,,,,,,,,,,,,,,,,,,,100,0,100,8,100,20,100,35,,,100,3,100,2,100,0,200,0,,,,,,,,,,,,,,,,,100,203554820,52,19373,100,0,100,0,,,100,529,,,,,,,,,,,,,100,0,,,,,,,,,,,,,,,,,,,,,,,,
2026-02-03,2AGMN3LY,HGST HUH721212ALN604,12000138625024,0,sac2,000,1122,19,0011,false,100,0,100,0,161,407,100,18,100,36,100,0,100,0,92,59567,100,0,,,100,18,,,,,,,,,,,100,100,,,,,,,,,,,,,,,,,,,,,,,,,,,,,,,,,,,,,,,,,,,,,,,,,,,,,,,,,,,,,,,,,,,,,,,99,2229,99,2229,193,31,,,100,36,100,207,100,319,200,0,,,,,,,,,,,,,,,,,,,,,,,,,,,,,,,,,,,,,,,,,,,,,,,,,,,,,,,,,,,,,,,,,,
2026-02-03,2BJB42BN,WDC WUH721816ALE6L4,16000900661248,0,phx1,040,2012,09,0038,false,100,0,136,96,84,329,100,13,100,59,100,0,140,15,96,30601,100,0,,,100,13,,,,,,,,,,,100,100,,,,,,,,,,,,,,,,,,,,,,,,,,,,,,,,,,,,,,,,,,,,,,,,,,,,,,,,,,,,,,,,,,,,,,,100,3645,100,3645,52,41,,,100,59,100,40,100,0,100,0,,,,,,,,,,,,,,,,,,,,,,,,,,,,,,,,,,,,,,,,,,,,,,,,,,,,,,,,,,,,,,,,,,
2026-02-04,13N0A06DFVKG,TOSHIBA MG08ACA16TA,16000900661248,0,phx1,040,2022,16,0043,false,100,0,100,0,100,8060,100,9,100,3,100,0,100,0,51,19627,100,0,,,100,9,,,,,,,,,,,,,100,0,100,0,,,,,,,,,,,,,,,,,,,,,,,,,,,,,,,,,,,,,,,,,,,,,,,,,,,,,,,,,,,,,,,,,100,0,100,8,100,20,100,35,,,100,3,100,2,100,0,200,0,,,,,,,,,,,,,,,,,100,203554820,52,19403,100,0,100,0,,,100,529,,,,,,,,,,,,,100,0,,,,,,,,,,,,,,,,,,,,,,,,
2026-02-04,2AGMN3LY,HGST HUH721212ALN604,12000138625024,0,sac2,000,1122,19,0011,false,100,0,100,0,161,407,100,18,100,36,100,0,100,0,92,59583,100,0,,,100,18,,,,,,,,,,,100,100,,,,,,,,,,,,,,,,,,,,,,,,,,,,,,,,,,,,,,,,,,,,,,,,,,,,,,,,,,,,,,,,,,,,,,,99,2229,99,2229,193,31,,,100,36,100,207,100,319,200,0,,,,,,,,,,,,,,,,,,,,,,,,,,,,,,,,,,,,,,,,,,,,,,,,,,,,,,,,,,,,,,,,,,
2026-02-04,2BJB42BN,WDC WUH721816ALE6L4,16000900661248,0,phx1,040,2012,09,0038,false,100,0,136,96,84,329,100,13,100,60,100,0,140,15,96,30632,100,0,,,100,13,,,,,,,,,,,100,100,,,,,,,,,,,,,,,,,,,,,,,,,,,,,,,,,,,,,,,,,,,,,,,,,,,,,,,,,,,,,,,,,,,,,,,100,3647,100,3647,55,39,,,100,60,100,40,100,0,100,0,,,,,,,,,,,,,,,,,,,,,,,,,,,,,,,,,,,,,,,,,,,,,,,,,,,,,,,,,,,,,,,,,,
2026-02-05,13N0A06DFVKG,TOSHIBA MG08ACA16TA,16000900661248,0,phx1,040,2022,16,0043,false,100,0,100,0,100,8060,100,9,100,3,100,0,100,0,51,19642,100,0,,,100,9,,,,,,,,,,,,,100,0,100,0,,,,,,,,,,,,,,,,,,,,,,,,,,,,,,,,,,,,,,,,,,,,,,,,,,,,,,,,,,,,,,,,,100,0,100,8,100,20,100,35,,,100,3,100,2,100,0,200,0,,,,,,,,,,,,,,,,,100,84279299,52,19419,100,0,100,0,,,100,529,,,,,,,,,,,,,100,0,,,,,,,,,,,,,,,,,,,,,,,,
2026-02-05,2AGMN3LY,HGST HUH721212ALN604,12000138625024,0,sac2,000,1122,19,0011,false,100,0,100,0,161,407,100,18,100,36,100,0,100,0,92,59614,100,0,,,100,18,,,,,,,,,,,100,100,,,,,,,,,,,,,,,,,,,,,,,,,,,,,,,,,,,,,,,,,,,,,,,,,,,,,,,,,,,,,,,,,,,,,,,99,2231,99,2231,193,31,,,100,36,100,207,100,319,200,0,,,,,,,,,,,,,,,,,,,,,,,,,,,,,,,,,,,,,,,,,,,,,,,,,,,,,,,,,,,,,,,,,,
2026-02-05,2BJB42BN,WDC WUH721816ALE6L4,16000900661248,0,phx1,040,2012,09,0038,false,100,0,136,96,84,329,100,13,100,63,100,0,140,15,96,30647,100,0,,,100,13,,,,,,,,,,,100,100,,,,,,,,,,,,,,,,,,,,,,,,,,,,,,,,,,,,,,,,,,,,,,,,,,,,,,,,,,,,,,,,,,,,,,,100,3650,100,3650,52,41,,,100,63,100,40,100,0,100,0,,,,,,,,,,,,,,,,,,,,,,,,,,,,,,,,,,,,,,,,,,,,,,,,,,,,,,,,,,,,,,,,,,
2026-02-06,13N0A06DFVKG,TOSHIBA MG08ACA16TA,16000900661248,0,phx1,040,2022,16,0043,false,100,0,100,0,100,8060,100,9,100,3,100,0,100,0,51,19673,100,0,,,100,9,,,,,,,,,,,,,100,0,100,0,,,,,,,,,,,,,,,,,,,,,,,,,,,,,,,,,,,,,,,,,,,,,,,,,,,,,,,,,,,,,,,,,100,0,100,8,100,20,100,35,,,100,3,100,2,100,0,200,0,,,,,,,,,,,,,,,,,100,203554827,52,19450,100,0,100,0,,,100,529,,,,,,,,,,,,,100,0,,,,,,,,,,,,,,,,,,,,,,,,
2026-02-06,2AGMN3LY,HGST HUH721212ALN604,12000138625024,0,sac2,000,1122,19,0011,false,100,0,100,0,161,407,100,18,100,36,100,0,100,0,92,59629,100,0,,,100,18,,,,,,,,,,,100,100,,,,,,,,,,,,,,,,,,,,,,,,,,,,,,,,,,,,,,,,,,,,,,,,,,,,,,,,,,,,,,,,,,,,,,,99,2231,99,2231,193,31,,,100,36,100,207,100,319,200,0,,,,,,,,,,,,,,,,,,,,,,,,,,,,,,,,,,,,,,,,,,,,,,,,,,,,,,,,,,,,,,,,,,
2026-02-06,2BJB42BN,WDC WUH721816ALE6L4,16000900661248,0,phx1,040,2012,09,0038,false,100,0,136,96,84,329,100,13,100,63,100,0,140,15,96,30678,100,0,,,100,13,,,,,,,,,,,100,100,,,,,,,,,,,,,,,,,,,,,,,,,,,,,,,,,,,,,,,,,,,,,,,,,,,,,,,,,,,,,,,,,,,,,,,100,3651,100,3651,53,40,,,100,63,100,40,100,0,100,0,,,,,,,,,,,,,,,,,,,,,,,,,,,,,,,,,,,,,,,,,,,,,,,,,,,,,,,,,,,,,,,,,,
2026-02-07,13N0A06DFVKG,TOSHIBA MG08ACA16TA,16000900661248,0,phx1,040,2022,16,0043,false,100,0,100,0,100,8060,100,9,100,3,100,0,100,0,51,19688,100,0,,,100,9,,,,,,,,,,,,,100,0,100,0,,,,,,,,,,,,,,,,,,,,,,,,,,,,,,,,,,,,,,,,,,,,,,,,,,,,,,,,,,,,,,,,,100,0,100,8,100,20,100,36,,,100,3,100,2,100,0,200,0,,,,,,,,,,,,,,,,,100,185466883,52,19465,100,0,100,0,,,100,529,,,,,,,,,,,,,100,0,,,,,,,,,,,,,,,,,,,,,,,,
2026-02-07,2AGMN3LY,HGST HUH721212ALN604,12000138625024,0,sac2,000,1122,19,0011,false,100,0,100,0,161,407,100,18,100,36,100,0,100,0,92,59660,100,0,,,100,18,,,,,,,,,,,100,100,,,,,,,,,,,,,,,,,,,,,,,,,,,,,,,,,,,,,,,,,,,,,,,,,,,,,,,,,,,,,,,,,,,,,,,99,2233,99,2233,193,31,,,100,36,100,207,100,319,200,0,,,,,,,,,,,,,,,,,,,,,,,,,,,,,,,,,,,,,,,,,,,,,,,,,,,,,,,,,,,,,,,,,,
2026-02-07,2BJB42BN,WDC WUH721816ALE6L4,16000900661248,0,phx1,040,2012,09,0038,false,100,0,136,96,84,329,100,13,100,69,100,0,140,15,96,30694,100,0,,,100,13,,,,,,,,,,,100,100,,,,,,,,,,,,,,,,,,,,,,,,,,,,,,,,,,,,,,,,,,,,,,,,,,,,,,,,,,,,,,,,,,,,,,,100,3664,100,3664,55,39,,,100,69,100,40,100,0,100,0,,,,,,,,,,,,,,,,,,,,,,,,,,,,,,,,,,,,,,,,,,,,,,,,,,,,,,,,,,,,,,,,,,
2026-02-08,13N0A06DFVKG,TOSHIBA MG08ACA16TA,16000900661248,0,phx1,040,2022,16,0043,false,100,0,100,0,100,8060,100,9,100,3,100,0,100,0,51,19719,100,0,,,100,9,,,,,,,,,,,,,100,0,100,0,,,,,,,,,,,,,,,,,,,,,,,,,,,,,,,,,,,,,,,,,,,,,,,,,,,,,,,,,,,,,,,,,100,0,100,8,100,20,100,35,,,100,3,100,2,100,0,200,0,,,,,,,,,,,,,,,,,100,269221897,52,19496,100,0,100,0,,,100,529,,,,,,,,,,,,,100,0,,,,,,,,,,,,,,,,,,,,,,,,
2026-02-08,2AGMN3LY,HGST HUH721212ALN604,12000138625024,0,sac2,000,1122,19,0011,false,100,0,100,0,161,407,100,18,100,36,100,0,100,0,92,59676,100,0,,,100,18,,,,,,,,,,,100,100,,,,,,,,,,,,,,,,,,,,,,,,,,,,,,,,,,,,,,,,,,,,,,,,,,,,,,,,,,,,,,,,,,,,,,,99,2233,99,2233,187,32,,,100,36,100,207,100,319,200,0,,,,,,,,,,,,,,,,,,,,,,,,,,,,,,,,,,,,,,,,,,,,,,,,,,,,,,,,,,,,,,,,,,
2026-02-08,2BJB42BN,WDC WUH721816ALE6L4,16000900661248,0,phx1,040,2012,09,0038,false,100,0,136,96,84,329,100,13,100,69,100,0,140,15,96,30724,100,0,,,100,13,,,,,,,,,,,100,100,,,,,,,,,,,,,,,,,,,,,,,,,,,,,,,,,,,,,,,,,,,,,,,,,,,,,,,,,,,,,,,,,,,,,,,100,3665,100,3665,53,40,,,100,69,100,40,100,0,100,0,,,,,,,,,,,,,,,,,,,,,,,,,,,,,,,,,,,,,,,,,,,,,,,,,,,,,,,,,,,,,,,,,,
2026-02-09,13N0A06DFVKG,TOSHIBA MG08ACA16TA,16000900661248,0,phx1,040,2022,16,0043,false,100,0,100,0,100,8060,100,9,100,3,100,0,100,0,51,19750,100,0,,,100,9,,,,,,,,,,,,,100,0,100,0,,,,,,,,,,,,,,,,,,,,,,,,,,,,,,,,,,,,,,,,,,,,,,,,,,,,,,,,,,,,,,,,,100,0,100,8,100,20,100,34,,,100,3,100,2,100,0,200,0,,,,,,,,,,,,,,,,,100,269221898,52,19527,100,0,100,0,,,100,529,,,,,,,,,,,,,100,0,,,,,,,,,,,,,,,,,,,,,,,,
2026-02-09,2AGMN3LY,HGST HUH721212ALN604,12000138625024,0,sac2,000,1122,19,0011,false,100,0,100,0,161,407,100,18,100,36,100,0,100,0,92,59707,100,0,,,100,18,,,,,,,,,,,100,100,,,,,,,,,,,,,,,,,,,,,,,,,,,,,,,,,,,,,,,,,,,,,,,,,,,,,,,,,,,,,,,,,,,,,,,99,2233,99,2233,176,34,,,100,36,100,207,100,319,200,0,,,,,,,,,,,,,,,,,,,,,,,,,,,,,,,,,,,,,,,,,,,,,,,,,,,,,,,,,,,,,,,,,,
2026-02-09,2BJB42BN,WDC WUH721816ALE6L4,16000900661248,0,phx1,040,2012,09,0038,false,100,0,136,96,84,329,100,13,100,70,100,0,140,15,96,30740,100,0,,,100,13,,,,,,,,,,,100,100,,,,,,,,,,,,,,,,,,,,,,,,,,,,,,,,,,,,,,,,,,,,,,,,,,,,,,,,,,,,,,,,,,,,,,,100,3667,100,3667,53,40,,,100,70,100,40,100,0,100,0,,,,,,,,,,,,,,,,,,,,,,,,,,,,,,,,,,,,,,,,,,,,,,,,,,,,,,,,,,,,,,,,,,
2026-02-10,13N0A06DFVKG,TOSHIBA MG08ACA16TA,16000900661248,0,phx1,040,2022,16,0043,false,100,0,100,0,100,8060,100,9,100,3,100,0,100,0,51,19765,100,0,,,100,9,,,,,,,,,,,,,100,0,100,0,,,,,,,,,,,,,,,,,,,,,,,,,,,,,,,,,,,,,,,,,,,,,,,,,,,,,,,,,,,,,,,,,100,0,100,8,100,20,100,36,,,100,3,100,2,100,0,200,0,,,,,,,,,,,,,,,,,100,269221898,52,19542,100,0,100,0,,,100,529,,,,,,,,,,,,,100,0,,,,,,,,,,,,,,,,,,,,,,,,
2026-02-10,2AGMN3LY,HGST HUH721212ALN604,12000138625024,0,sac2,000,1122,19,0011,false,100,0,100,0,161,407,100,18,100,38,100,0,100,0,92,59738,100,0,,,100,18,,,,,,,,,,,100,100,,,,,,,,,,,,,,,,,,,,,,,,,,,,,,,,,,,,,,,,,,,,,,,,,,,,,,,,,,,,,,,,,,,,,,,99,2234,99,2234,187,32,,,100,38,100,207,100,319,200,0,,,,,,,,,,,,,,,,,,,,,,,,,,,,,,,,,,,,,,,,,,,,,,,,,,,,,,,,,,,,,,,,,,
2026-02-10,2BJB42BN,WDC WUH721816ALE6L4,16000900661248,0,phx1,040,2012,09,0038,false,100,0,136,96,84,329,100,13,100,76,100,0,140,15,96,30771,100,0,,,100,13,,,,,,,,,,,100,100,,,,,,,,,,,,,,,,,,,,,,,,,,,,,,,,,,,,,,,,,,,,,,,,,,,,,,,,,,,,,,,,,,,,,,,100,3670,100,3670,52,41,,,100,76,100,40,100,0,100,0,,,,,,,,,,,,,,,,,,,,,,,,,,,,,,,,,,,,,,,,,,,,,,,,,,,,,,,,,,,,,,,,,,
2026-02-11,13N0A06DFVKG,TOSHIBA MG08ACA16TA,16000900661248,0,phx1,040,2022,16,0043,false,100,0,100,0,100,8060,100,9,100,3,100,0,100,0,51,19796,100,0,,,100,9,,,,,,,,,,,,,100,0,100,0,,,,,,,,,,,,,,,,,,,,,,,,,,,,,,,,,,,,,,,,,,,,,,,,,,,,,,,,,,,,,,,,,100,0,100,8,100,20,100,35,,,100,3,100,2,100,0,200,0,,,,,,,,,,,,,,,,,100,269221901,52,19573,100,0,100,0,,,100,529,,,,,,,,,,,,,100,0,,,,,,,,,,,,,,,,,,,,,,,,
2026-02-11,2AGM5X0Y,HGST HUH721212ALN604,12000138625024,0,sac2,000,1124,13,0022,false,100,0,100,0,159,414,100,28,100,14,100,0,100,0,92,59156,100,0,,,100,25,,,,,,,,,,,100,100,,,,,,,,,,,,,,,,,,,,,,,,,,,,,,,,,,,,,,,,,,,,,,,,,,,,,,,,,,,,,,,,,,,,,,,99,2022,99,2022,187,32,,,100,14,100,132,100,57,200,0,,,,,,,,,,,,,,,,,,,,,,,,,,,,,,,,,,,,,,,,,,,,,,,,,,,,,,,,,,,,,,,,,,
2026-02-11,2AGMN3LY,HGST HUH721212ALN604,12000138625024,0,sac2,000,1122,19,0011,false,100,0,100,0,161,407,100,18,100,38,100,0,100,0,92,59753,100,0,,,100,18,,,,,,,,,,,100,100,,,,,,,,,,,,,,,,,,,,,,,,,,,,,,,,,,,,,,,,,,,,,,,,,,,,,,,,,,,,,,,,,,,,,,,99,2235,99,2235,193,31,,,100,38,100,194,100,319,200,0,,,,,,,,,,,,,,,,,,,,,,,,,,,,,,,,,,,,,,,,,,,,,,,,,,,,,,,,,,,,,,,,,,
2026-02-11,2BJB42BN,WDC WUH721816ALE6L4,16000900661248,0,phx1,040,2012,09,0038,false,100,0,136,96,84,329,100,13,100,76,100,0,140,15,96,30801,100,0,,,100,13,,,,,,,,,,,100,100,,,,,,,,,,,,,,,,,,,,,,,,,,,,,,,,,,,,,,,,,,,,,,,,,,,,,,,,,,,,,,,,,,,,,,,100,3671,100,3671,53,40,,,100,76,100,40,100,0,100,0,,,,,,,,,,,,,,,,,,,,,,,,,,,,,,,,,,,,,,,,,,,,,,,,,,,,,,,,,,,,,,,,,,
2026-02-12,13N0A06DFVKG,TOSHIBA MG08ACA16TA,16000900661248,0,phx1,040,2022,16,0043,false,100,0,100,0,100,8060,100,9,100,3,100,0,100,0,51,19811,100,0,,,100,9,,,,,,,,,,,,,100,0,100,0,,,,,,,,,,,,,,,,,,,,,,,,,,,,,,,,,,,,,,,,,,,,,,,,,,,,,,,,,,,,,,,,,100,0,100,8,100,20,100,36,,,100,3,100,2,100,0,200,0,,,,,,,,,,,,,,,,,100,269221901,52,19588,100,0,100,0,,,100,529,,,,,,,,,,,,,100,0,,,,,,,,,,,,,,,,,,,,,,,,
2026-02-12,2AGMN3LY,HGST HUH721212ALN604,12000138625024,0,sac2,000,1122,19,0011,false,100,0,100,0,161,407,100,18,100,38,100,0,100,0,92,59784,100,0,,,100,18,,,,,,,,,,,100,100,,,,,,,,,,,,,,,,,,,,,,,,,,,,,,,,,,,,,,,,,,,,,,,,,,,,,,,,,,,,,,,,,,,,,,,99,2235,99,2235,193,31,,,100,38,100,191,100,319,200,0,,,,,,,,,,,,,,,,,,,,,,,,,,,,,,,,,,,,,,,,,,,,,,,,,,,,,,,,,,,,,,,,,,
2026-02-12,2BJB42BN,WDC WUH721816ALE6L4,16000900661248,0,phx1,040,2012,09,0038,false,100,0,136,96,84,329,100,13,100,76,100,0,140,15,96,30817,100,0,,,100,13,,,,,,,,,,,100,100,,,,,,,,,,,,,,,,,,,,,,,,,,,,,,,,,,,,,,,,,,,,,,,,,,,,,,,,,,,,,,,,,,,,,,,100,3671,100,3671,53,40,,,100,76,100,40,100,0,100,0,,,,,,,,,,,,,,,,,,,,,,,,,,,,,,,,,,,,,,,,,,,,,,,,,,,,,,,,,,,,,,,,,,
2026-02-13,13N0A06DFVKG,TOSHIBA MG08ACA16TA,16000900661248,0,phx1,040,2022,16,0043,false,100,0,100,0,100,8060,100,9,100,3,100,0,100,0,51,19842,100,0,,,100,9,,,,,,,,,,,,,100,0,100,0,,,,,,,,,,,,,,,,,,,,,,,,,,,,,,,,,,,,,,,,,,,,,,,,,,,,,,,,,,,,,,,,,100,0,100,8,100,20,100,35,,,100,3,100,2,100,0,200,0,,,,,,,,,,,,,,,,,100,269221905,51,19619,100,0,100,0,,,100,529,,,,,,,,,,,,,100,0,,,,,,,,,,,,,,,,,,,,,,,,
2026-02-13,2AGMN3LY,HGST HUH721212ALN604,12000138625024,0,sac2,000,1122,19,0011,false,100,0,100,0,161,407,100,18,100,38,100,0,100,0,92,59799,100,0,,,100,18,,,,,,,,,,,100,100,,,,,,,,,,,,,,,,,,,,,,,,,,,,,,,,,,,,,,,,,,,,,,,,,,,,,,,,,,,,,,,,,,,,,,,99,2236,99,2236,193,31,,,100,38,100,197,100,319,200,0,,,,,,,,,,,,,,,,,,,,,,,,,,,,,,,,,,,,,,,,,,,,,,,,,,,,,,,,,,,,,,,,,,
2026-02-13,2BJB42BN,WDC WUH721816ALE6L4,16000900661248,0,phx1,040,2012,09,0038,false,100,0,136,96,84,329,100,13,100,76,100,0,140,15,96,30848,100,0,,,100,13,,,,,,,,,,,100,100,,,,,,,,,,,,,,,,,,,,,,,,,,,,,,,,,,,,,,,,,,,,,,,,,,,,,,,,,,,,,,,,,,,,,,,100,3673,100,3673,53,40,,,100,76,100,40,100,0,100,0,,,,,,,,,,,,,,,,,,,,,,,,,,,,,,,,,,,,,,,,,,,,,,,,,,,,,,,,,,,,,,,,,,
2026-02-14,13N0A06DFVKG,TOSHIBA MG08ACA16TA,16000900661248,0,phx1,040,2022,16,0043,false,100,0,100,0,100,8060,100,9,100,3,100,0,100,0,51,19858,100,0,,,100,9,,,,,,,,,,,,,100,0,100,0,,,,,,,,,,,,,,,,,,,,,,,,,,,,,,,,,,,,,,,,,,,,,,,,,,,,,,,,,,,,,,,,,100,0,100,8,100,20,100,35,,,100,3,100,2,100,0,200,0,,,,,,,,,,,,,,,,,100,269221908,51,19634,100,0,100,0,,,100,529,,,,,,,,,,,,,100,0,,,,,,,,,,,,,,,,,,,,,,,,
2026-02-14,2BJB42BN,WDC WUH721816ALE6L4,16000900661248,0,phx1,040,2012,09,0038,false,100,0,136,96,84,329,100,13,100,76,100,0,140,15,96,30863,100,0,,,100,13,,,,,,,,,,,100,100,,,,,,,,,,,,,,,,,,,,,,,,,,,,,,,,,,,,,,,,,,,,,,,,,,,,,,,,,,,,,,,,,,,,,,,100,3673,100,3673,53,40,,,100,76,100,40,100,0,100,0,,,,,,,,,,,,,,,,,,,,,,,,,,,,,,,,,,,,,,,,,,,,,,,,,,,,,,,,,,,,,,,,,,
2026-02-15,13N0A06DFVKG,TOSHIBA MG08ACA16TA,16000900661248,0,phx1,040,2022,16,0043,false,100,0,100,0,100,8060,100,9,100,3,100,0,100,0,51,19889,100,0,,,100,9,,,,,,,,,,,,,100,0,100,0,,,,,,,,,,,,,,,,,,,,,,,,,,,,,,,,,,,,,,,,,,,,,,,,,,,,,,,,,,,,,,,,,100,0,100,8,100,20,100,36,,,100,3,100,2,100,0,200,0,,,,,,,,,,,,,,,,,100,269221924,51,19665,100,0,100,0,,,100,529,,,,,,,,,,,,,100,0,,,,,,,,,,,,,,,,,,,,,,,,
2026-02-15,2BJB42BN,WDC WUH721816ALE6L4,16000900661248,0,phx1,040,2012,09,0038,false,100,0,136,96,84,329,100,14,100,76,100,0,140,15,96,30895,100,0,,,100,14,,,,,,,,,,,100,100,,,,,,,,,,,,,,,,,,,,,,,,,,,,,,,,,,,,,,,,,,,,,,,,,,,,,,,,,,,,,,,,,,,,,,,100,3676,100,3676,53,40,,,100,76,100,40,100,0,100,0,,,,,,,,,,,,,,,,,,,,,,,,,,,,,,,,,,,,,,,,,,,,,,,,,,,,,,,,,,,,,,,,,,
2026-02-16,13N0A06DFVKG,TOSHIBA MG08ACA16TA,16000900661248,0,phx1,040,2022,16,0043,false,100,0,100,0,100,8060,100,9,100,3,100,0,100,0,51,19904,100,0,,,100,9,,,,,,,,,,,,,100,0,100,0,,,,,,,,,,,,,,,,,,,,,,,,,,,,,,,,,,,,,,,,,,,,,,,,,,,,,,,,,,,,,,,,,100,0,100,8,100,20,100,37,,,100,3,100,2,100,0,200,0,,,,,,,,,,,,,,,,,100,269221924,51,19681,100,0,100,0,,,100,529,,,,,,,,,,,,,100,0,,,,,,,,,,,,,,,,,,,,,,,,
2026-02-16,2BJB42BN,WDC WUH721816ALE6L4,16000900661248,0,phx1,040,2012,09,0038,false,100,0,136,96,84,329,100,14,100,76,100,0,140,15,96,30910,100,0,,,100,14,,,,,,,,,,,100,100,,,,,,,,,,,,,,,,,,,,,,,,,,,,,,,,,,,,,,,,,,,,,,,,,,,,,,,,,,,,,,,,,,,,,,,100,3676,100,3676,53,40,,,100,76,100,40,100,0,100,0,,,,,,,,,,,,,,,,,,,,,,,,,,,,,,,,,,,,,,,,,,,,,,,,,,,,,,,,,,,,,,,,,,
2026-02-17,13N0A06DFVKG,TOSHIBA MG08ACA16TA,16000900661248,0,phx1,040,2022,16,0043,false,100,0,100,0,100,8060,100,9,100,3,100,0,100,0,51,19935,100,0,,,100,9,,,,,,,,,,,,,100,0,100,0,,,,,,,,,,,,,,,,,,,,,,,,,,,,,,,,,,,,,,,,,,,,,,,,,,,,,,,,,,,,,,,,,100,0,100,8,100,20,100,38,,,100,3,100,2,100,0,200,0,,,,,,,,,,,,,,,,,100,1048580,51,19712,100,0,100,0,,,100,529,,,,,,,,,,,,,100,0,,,,,,,,,,,,,,,,,,,,,,,,
2026-02-17,2BJB42BN,WDC WUH721816ALE6L4,16000900661248,0,phx1,040,2012,09,0038,false,100,0,136,96,84,329,100,14,100,76,100,0,140,15,96,30942,100,0,,,100,14,,,,,,,,,,,100,100,,,,,,,,,,,,,,,,,,,,,,,,,,,,,,,,,,,,,,,,,,,,,,,,,,,,,,,,,,,,,,,,,,,,,,,100,3678,100,3678,52,41,,,100,76,100,40,100,0,100,0,,,,,,,,,,,,,,,,,,,,,,,,,,,,,,,,,,,,,,,,,,,,,,,,,,,,,,,,,,,,,,,,,,
2026-02-18,13N0A06DFVKG,TOSHIBA MG08ACA16TA,16000900661248,0,phx1,040,2022,16,0043,false,100,0,100,0,100,8060,100,9,100,3,100,0,100,0,51,19966,100,0,,,100,9,,,,,,,,,,,,,100,0,100,0,,,,,,,,,,,,,,,,,,,,,,,,,,,,,,,,,,,,,,,,,,,,,,,,,,,,,,,,,,,,,,,,,100,0,100,8,100,20,100,36,,,100,3,100,2,100,0,200,0,,,,,,,,,,,,,,,,,100,236191747,51,19742,100,0,100,0,,,100,529,,,,,,,,,,,,,100,0,,,,,,,,,,,,,,,,,,,,,,,,
2026-02-18,2BJB42BN,WDC WUH721816ALE6L4,16000900661248,0,phx1,040,2012,09,0038,false,100,0,136,96,84,329,100,14,100,76,100,0,140,15,96,30958,100,0,,,100,14,,,,,,,,,,,100,100,,,,,,,,,,,,,,,,,,,,,,,,,,,,,,,,,,,,,,,,,,,,,,,,,,,,,,,,,,,,,,,,,,,,,,,100,3678,100,3678,53,40,,,100,76,100,40,100,0,100,0,,,,,,,,,,,,,,,,,,,,,,,,,,,,,,,,,,,,,,,,,,,,,,,,,,,,,,,,,,,,,,,,,,
2026-02-19,13N0A06DFVKG,TOSHIBA MG08ACA16TA,16000900661248,0,phx1,040,2022,16,0043,false,100,0,100,0,100,8060,100,9,100,3,100,0,100,0,51,19981,100,0,,,100,9,,,,,,,,,,,,,100,0,100,0,,,,,,,,,,,,,,,,,,,,,,,,,,,,,,,,,,,,,,,,,,,,,,,,,,,,,,,,,,,,,,,,,100,0,100,8,100,20,100,35,,,100,3,100,2,100,0,200,0,,,,,,,,,,,,,,,,,100,1048581,51,19758,100,0,100,0,,,100,529,,,,,,,,,,,,,100,0,,,,,,,,,,,,,,,,,,,,,,,,
2026-02-19,2BJB42BN,WDC WUH721816ALE6L4,16000900661248,0,phx1,040,2012,09,0038,false,100,0,136,96,84,329,100,14,100,76,100,0,140,15,96,30989,100,0,,,100,14,,,,,,,,,,,100,100,,,,,,,,,,,,,,,,,,,,,,,,,,,,,,,,,,,,,,,,,,,,,,,,,,,,,,,,,,,,,,,,,,,,,,,100,3680,100,3680,53,40,,,100,76,100,40,100,0,100,0,,,,,,,,,,,,,,,,,,,,,,,,,,,,,,,,,,,,,,,,,,,,,,,,,,,,,,,,,,,,,,,,,,
2026-02-20,13N0A06DFVKG,TOSHIBA MG08ACA16TA,16000900661248,0,phx1,040,2022,16,0043,false,100,0,100,0,100,8060,100,9,100,3,100,0,100,0,50,20012,100,0,,,100,9,,,,,,,,,,,,,100,0,100,0,,,,,,,,,,,,,,,,,,,,,,,,,,,,,,,,,,,,,,,,,,,,,,,,,,,,,,,,,,,,,,,,,100,0,100,8,100,20,100,35,,,100,3,100,2,100,0,200,0,,,,,,,,,,,,,,,,,100,203554819,51,19789,100,0,100,0,,,100,529,,,,,,,,,,,,,100,0,,,,,,,,,,,,,,,,,,,,,,,,
2026-02-20,2BJB42BN,WDC WUH721816ALE6L4,16000900661248,0,phx1,040,2012,09,0038,false,100,0,136,96,84,329,100,14,100,76,100,0,140,15,96,31005,100,0,,,100,14,,,,,,,,,,,100,100,,,,,,,,,,,,,,,,,,,,,,,,,,,,,,,,,,,,,,,,,,,,,,,,,,,,,,,,,,,,,,,,,,,,,,,100,3680,100,3680,53,40,,,100,76,100,40,100,0,100,0,,,,,,,,,,,,,,,,,,,,,,,,,,,,,,,,,,,,,,,,,,,,,,,,,,,,,,,,,,,,,,,,,,
2026-02-21,13N0A06DFVKG,TOSHIBA MG08ACA16TA,16000900661248,0,phx1,040,2022,16,0043,false,100,0,100,0,100,8060,100,9,100,3,100,0,100,0,50,20027,100,0,,,100,9,,,,,,,,,,,,,100,0,100,0,,,,,,,,,,,,,,,,,,,,,,,,,,,,,,,,,,,,,,,,,,,,,,,,,,,,,,,,,,,,,,,,,100,0,100,8,100,20,100,36,,,100,3,100,2,100,0,200,0,,,,,,,,,,,,,,,,,100,203554820,51,19804,100,0,100,0,,,100,529,,,,,,,,,,,,,100,0,,,,,,,,,,,,,,,,,,,,,,,,
2026-02-21,2BJB42BN,WDC WUH721816ALE6L4,16000900661248,0,phx1,040,2012,09,0038,false,100,0,136,96,84,329,100,14,100,76,100,0,140,15,96,31036,100,0,,,100,14,,,,,,,,,,,100,100,,,,,,,,,,,,,,,,,,,,,,,,,,,,,,,,,,,,,,,,,,,,,,,,,,,,,,,,,,,,,,,,,,,,,,,100,3681,100,3681,53,40,,,100,76,100,40,100,0,100,0,,,,,,,,,,,,,,,,,,,,,,,,,,,,,,,,,,,,,,,,,,,,,,,,,,,,,,,,,,,,,,,,,,
2026-02-22,13N0A06DFVKG,TOSHIBA MG08ACA16TA,16000900661248,0,phx1,040,2022,16,0043,false,100,0,100,0,100,8060,100,9,100,3,100,0,100,0,50,20058,100,0,,,100,9,,,,,,,,,,,,,100,0,100,0,,,,,,,,,,,,,,,,,,,,,,,,,,,,,,,,,,,,,,,,,,,,,,,,,,,,,,,,,,,,,,,,,100,0,100,8,100,20,100,35,,,100,3,100,2,100,0,200,0,,,,,,,,,,,,,,,,,100,68943876,51,19835,100,0,100,0,,,100,529,,,,,,,,,,,,,100,0,,,,,,,,,,,,,,,,,,,,,,,,
2026-02-22,2BJB42BN,WDC WUH721816ALE6L4,16000900661248,0,phx1,040,2012,09,0038,false,100,0,136,96,84,329,100,14,100,76,100,0,140,15,96,31052,100,0,,,100,14,,,,,,,,,,,100,100,,,,,,,,,,,,,,,,,,,,,,,,,,,,,,,,,,,,,,,,,,,,,,,,,,,,,,,,,,,,,,,,,,,,,,,100,3681,100,3681,53,40,,,100,76,100,40,100,0,100,0,,,,,,,,,,,,,,,,,,,,,,,,,,,,,,,,,,,,,,,,,,,,,,,,,,,,,,,,,,,,,,,,,,
2026-02-23,13N0A06DFVKG,TOSHIBA MG08ACA16TA,16000900661248,0,phx1,040,2022,16,0043,false,100,0,100,0,100,8060,100,9,100,3,100,0,100,0,50,20074,100,0,,,100,9,,,,,,,,,,,,,100,0,100,0,,,,,,,,,,,,,,,,,,,,,,,,,,,,,,,,,,,,,,,,,,,,,,,,,,,,,,,,,,,,,,,,,100,0,100,8,100,20,100,36,,,100,3,100,2,100,0,200,0,,,,,,,,,,,,,,,,,100,185466884,51,19850,100,0,100,0,,,100,529,,,,,,,,,,,,,100,0,,,,,,,,,,,,,,,,,,,,,,,,
2026-02-23,2AGM5X0Y,HGST HUH721212ALN604,12000138625024,0,sac2,000,1124,13,0022,false,91,2424845,100,0,159,415,100,30,100,14,100,0,100,0,92,59444,100,0,,,100,26,,,,,,,,,,,100,100,,,,,,,,,,,,,,,,,,,,,,,,,,,,,,,,,,,,,,,,,,,,,,,,,,,,,,,,,,,,,,,,,,,,,,,99,2024,99,2024,222,27,,,100,14,100,184,100,57,200,0,,,,,,,,,,,,,,,,,,,,,,,,,,,,,,,,,,,,,,,,,,,,,,,,,,,,,,,,,,,,,,,,,,
2026-02-23,2BJB42BN,WDC WUH721816ALE6L4,16000900661248,0,phx1,040,2012,09,0038,false,100,1900544,136,96,84,329,100,14,100,76,100,0,140,15,96,31083,100,0,,,100,14,,,,,,,,,,,100,100,,,,,,,,,,,,,,,,,,,,,,,,,,,,,,,,,,,,,,,,,,,,,,,,,,,,,,,,,,,,,,,,,,,,,,,100,3682,100,3682,53,40,,,100,76,100,40,100,0,100,0,,,,,,,,,,,,,,,,,,,,,,,,,,,,,,,,,,,,,,,,,,,,,,,,,,,,,,,,,,,,,,,,,,
2026-02-24,13N0A06DFVKG,TOSHIBA MG08ACA16TA,16000900661248,0,phx1,040,2022,16,0043,false,100,0,100,0,100,8060,100,9,100,3,100,0,100,0,50,20105,100,0,,,100,9,,,,,,,,,,,,,100,0,100,0,,,,,,,,,,,,,,,,,,,,,,,,,,,,,,,,,,,,,,,,,,,,,,,,,,,,,,,,,,,,,,,,,100,0,100,8,100,20,100,34,,,100,3,100,2,100,0,200,0,,,,,,,,,,,,,,,,,100,18481155,51,19881,100,0,100,0,,,100,529,,,,,,,,,,,,,100,0,,,,,,,,,,,,,,,,,,,,,,,,
2026-02-24,2AGM5X0Y,HGST HUH721212ALN604,12000138625024,0,sac2,000,1124,13,0022,false,100,1,100,0,159,415,100,30,100,14,100,0,100,0,92,59460,100,0,,,100,26,,,,,,,,,,,100,100,,,,,,,,,,,,,,,,,,,,,,,,,,,,,,,,,,,,,,,,,,,,,,,,,,,,,,,,,,,,,,,,,,,,,,,99,2024,99,2024,200,30,,,100,14,100,197,100,57,200,0,,,,,,,,,,,,,,,,,,,,,,,,,,,,,,,,,,,,,,,,,,,,,,,,,,,,,,,,,,,,,,,,,,
2026-02-24,2BJB42BN,WDC WUH721816ALE6L4,16000900661248,0,phx1,040,2012,09,0038,false,100,0,136,96,84,329,100,14,100,76,100,0,140,15,96,31115,100,0,,,100,14,,,,,,,,,,,100,100,,,,,,,,,,,,,,,,,,,,,,,,,,,,,,,,,,,,,,,,,,,,,,,,,,,,,,,,,,,,,,,,,,,,,,,100,3683,100,3683,52,41,,,100,76,100,40,100,0,100,0,,,,,,,,,,,,,,,,,,,,,,,,,,,,,,,,,,,,,,,,,,,,,,,,,,,,,,,,,,,,,,,,,,
2026-02-25,13N0A06DFVKG,TOSHIBA MG08ACA16TA,16000900661248,0,phx1,040,2022,16,0043,false,100,0,100,0,100,8060,100,9,100,3,100,0,100,0,50,20136,100,0,,,100,9,,,,,,,,,,,,,100,0,100,0,,,,,,,,,,,,,,,,,,,,,,,,,,,,,,,,,,,,,,,,,,,,,,,,,,,,,,,,,,,,,,,,,100,0,100,8,100,20,100,36,,,100,3,100,2,100,0,200,0,,,,,,,,,,,,,,,,,100,134479875,51,19912,100,0,100,0,,,100,529,,,,,,,,,,,,,100,0,,,,,,,,,,,,,,,,,,,,,,,,
2026-02-25,2AGM5X0Y,HGST HUH721212ALN604,12000138625024,0,sac2,000,1124,13,0022,false,100,0,100,0,159,415,100,30,100,14,100,0,100,0,92,59491,100,0,,,100,26,,,,,,,,,,,100,100,,,,,,,,,,,,,,,,,,,,,,,,,,,,,,,,,,,,,,,,,,,,,,,,,,,,,,,,,,,,,,,,,,,,,,,99,2025,99,2025,187,32,,,100,14,100,264,100,57,200,0,,,,,,,,,,,,,,,,,,,,,,,,,,,,,,,,,,,,,,,,,,,,,,,,,,,,,,,,,,,,,,,,,,
2026-02-25,2BJB42BN,WDC WUH721816ALE6L4,16000900661248,0,phx1,040,2012,09,0038,false,100,0,136,96,84,329,100,14,100,76,100,0,140,15,96,31131,100,0,,,100,14,,,,,,,,,,,100,100,,,,,,,,,,,,,,,,,,,,,,,,,,,,,,,,,,,,,,,,,,,,,,,,,,,,,,,,,,,,,,,,,,,,,,,100,3684,100,3684,53,40,,,100,76,100,40,100,0,100,0,,,,,,,,,,,,,,,,,,,,,,,,,,,,,,,,,,,,,,,,,,,,,,,,,,,,,,,,,,,,,,,,,,
2026-02-26,13N0A06DFVKG,TOSHIBA MG08ACA16TA,16000900661248,0,phx1,040,2022,16,0043,false,100,0,100,0,100,8060,100,9,100,3,100,0,100,0,50,20151,100,0,,,100,9,,,,,,,,,,,,,100,0,100,0,,,,,,,,,,,,,,,,,,,,,,,,,,,,,,,,,,,,,,,,,,,,,,,,,,,,,,,,,,,,,,,,,100,0,100,8,100,20,100,35,,,100,3,100,2,100,0,200,0,,,,,,,,,,,,,,,,,100,203554819,51,19928,100,0,100,0,,,100,529,,,,,,,,,,,,,100,0,,,,,,,,,,,,,,,,,,,,,,,,
2026-02-26,2BJB42BN,WDC WUH721816ALE6L4,16000900661248,0,phx1,040,2012,09,0038,false,100,0,136,96,84,329,100,14,100,76,100,0,140,15,96,31162,100,0,,,100,14,,,,,,,,,,,100,100,,,,,,,,,,,,,,,,,,,,,,,,,,,,,,,,,,,,,,,,,,,,,,,,,,,,,,,,,,,,,,,,,,,,,,,100,3685,100,3685,53,40,,,100,76,100,40,100,0,100,0,,,,,,,,,,,,,,,,,,,,,,,,,,,,,,,,,,,,,,,,,,,,,,,,,,,,,,,,,,,,,,,,,,
2026-02-27,13N0A06DFVKG,TOSHIBA MG08ACA16TA,16000900661248,0,phx1,040,2022,16,0043,false,100,0,100,0,100,8060,100,9,100,3,100,0,100,0,50,20182,100,0,,,100,9,,,,,,,,,,,,,100,0,100,0,,,,,,,,,,,,,,,,,,,,,,,,,,,,,,,,,,,,,,,,,,,,,,,,,,,,,,,,,,,,,,,,,100,0,100,8,100,20,100,34,,,100,3,100,2,100,0,200,0,,,,,,,,,,,,,,,,,100,203554821,51,19959,100,0,100,0,,,100,529,,,,,,,,,,,,,100,0,,,,,,,,,,,,,,,,,,,,,,,,
2026-02-27,2BJB42BN,WDC WUH721816ALE6L4,16000900661248,0,phx1,040,2012,09,0038,false,100,0,136,96,84,329,100,14,100,76,100,0,140,15,96,31178,100,0,,,100,14,,,,,,,,,,,100,100,,,,,,,,,,,,,,,,,,,,,,,,,,,,,,,,,,,,,,,,,,,,,,,,,,,,,,,,,,,,,,,,,,,,,,,100,3686,100,3686,52,41,,,100,76,100,40,100,0,100,0,,,,,,,,,,,,,,,,,,,,,,,,,,,,,,,,,,,,,,,,,,,,,,,,,,,,,,,,,,,,,,,,,,
2026-02-28,13N0A06DFVKG,TOSHIBA MG08ACA16TA,16000900661248,0,phx1,040,2022,16,0043,false,100,0,100,0,100,8060,100,9,100,3,100,0,100,0,50,20197,100,0,,,100,9,,,,,,,,,,,,,100,0,100,0,,,,,,,,,,,,,,,,,,,,,,,,,,,,,,,,,,,,,,,,,,,,,,,,,,,,,,,,,,,,,,,,,100,0,100,8,100,20,100,35,,,100,3,100,2,100,0,200,0,,,,,,,,,,,,,,,,,100,203554824,51,19974,100,0,100,0,,,100,529,,,,,,,,,,,,,100,0,,,,,,,,,,,,,,,,,,,,,,,,
2026-02-28,2BJB42BN,WDC WUH721816ALE6L4,16000900661248,0,phx1,040,2012,09,0038,false,100,0,136,96,84,329,100,14,100,77,100,0,140,15,96,31210,100,0,,,100,14,,,,,,,,,,,100,100,,,,,,,,,,,,,,,,,,,,,,,,,,,,,,,,,,,,,,,,,,,,,,,,,,,,,,,,,,,,,,,,,,,,,,,100,3688,100,3688,55,39,,,100,77,100,40,100,0,100,0,,,,,,,,,,,,,,,,,,,,,,,,,,,,,,,,,,,,,,,,,,,,,,,,,,,,,,,,,,,,,,,,,,
2026-03-01,13N0A06DFVKG,TOSHIBA MG08ACA16TA,16000900661248,0,phx1,040,2022,16,0043,false,100,0,100,0,100,8060,100,9,100,4,100,0,100,0,50,20228,100,0,,,100,9,,,,,,,,,,,,,100,0,100,0,,,,,,,,,,,,,,,,,,,,,,,,,,,,,,,,,,,,,,,,,,,,,,,,,,,,,,,,,,,,,,,,,100,0,100,8,100,20,100,35,,,100,4,100,2,100,0,200,0,,,,,,,,,,,,,,,,,100,152567812,50,20005,100,0,100,0,,,100,529,,,,,,,,,,,,,100,0,,,,,,,,,,,,,,,,,,,,,,,,
2026-03-01,2BJB42BN,WDC WUH721816ALE6L4,16000900661248,0,phx1,040,2012,09,0038,false,100,0,136,96,84,329,100,14,100,78,100,0,140,15,96,31225,100,0,,,100,14,,,,,,,,,,,100,100,,,,,,,,,,,,,,,,,,,,,,,,,,,,,,,,,,,,,,,,,,,,,,,,,,,,,,,,,,,,,,,,,,,,,,,100,3689,100,3689,52,41,,,100,78,100,40,100,0,100,0,,,,,,,,,,,,,,,,,,,,,,,,,,,,,,,,,,,,,,,,,,,,,,,,,,,,,,,,,,,,,,,,,,
2026-03-02,13N0A06DFVKG,TOSHIBA MG08ACA16TA,16000900661248,0,phx1,040,2022,16,0043,false,100,0,100,0,100,8060,100,9,100,4,100,0,100,0,50,20244,100,0,,,100,9,,,,,,,,,,,,,100,0,100,0,,,,,,,,,,,,,,,,,,,,,,,,,,,,,,,,,,,,,,,,,,,,,,,,,,,,,,,,,,,,,,,,,100,0,100,8,100,20,100,36,,,100,4,100,2,100,0,200,0,,,,,,,,,,,,,,,,,100,68943874,50,20021,100,0,100,0,,,100,529,,,,,,,,,,,,,100,0,,,,,,,,,,,,,,,,,,,,,,,,
2026-03-02,2BJB42BN,WDC WUH721816ALE6L4,16000900661248,0,phx1,040,2012,09,0038,false,100,0,136,96,84,329,100,14,100,78,100,0,140,15,96,31257,100,0,,,100,14,,,,,,,,,,,100,100,,,,,,,,,,,,,,,,,,,,,,,,,,,,,,,,,,,,,,,,,,,,,,,,,,,,,,,,,,,,,,,,,,,,,,,100,3690,100,3690,55,39,,,100,78,100,40,100,0,100,0,,,,,,,,,,,,,,,,,,,,,,,,,,,,,,,,,,,,,,,,,,,,,,,,,,,,,,,,,,,,,,,,,,
2026-03-03,13N0A06DFVKG,TOSHIBA MG08ACA16TA,16000900661248,0,phx1,040,2022,16,0043,false,100,0,100,0,100,8060,100,9,100,4,100,0,100,0,50,20275,100,0,,,100,9,,,,,,,,,,,,,100,0,100,0,,,,,,,,,,,,,,,,,,,,,,,,,,,,,,,,,,,,,,,,,,,,,,,,,,,,,,,,,,,,,,,,,100,0,100,8,100,20,100,35,,,100,4,100,2,100,0,200,0,,,,,,,,,,,,,,,,,100,203554826,50,20051,100,0,100,0,,,100,529,,,,,,,,,,,,,100,0,,,,,,,,,,,,,,,,,,,,,,,,
2026-03-03,2BJB42BN,WDC WUH721816ALE6L4,16000900661248,0,phx1,040,2012,09,0038,false,100,0,136,96,84,329,100,14,100,78,100,0,140,15,96,31272,100,0,,,100,14,,,,,,,,,,,100,100,,,,,,,,,,,,,,,,,,,,,,,,,,,,,,,,,,,,,,,,,,,,,,,,,,,,,,,,,,,,,,,,,,,,,,,100,3691,100,3691,52,41,,,100,78,100,40,100,0,100,0,,,,,,,,,,,,,,,,,,,,,,,,,,,,,,,,,,,,,,,,,,,,,,,,,,,,,,,,,,,,,,,,,,
2026-03-04,13N0A06DFVKG,TOSHIBA MG08ACA16TA,16000900661248,0,phx1,040,2022,16,0043,false,100,0,100,0,100,8060,100,9,100,4,100,0,100,0,50,20290,100,0,,,100,9,,,,,,,,,,,,,100,0,100,0,,,,,,,,,,,,,,,,,,,,,,,,,,,,,,,,,,,,,,,,,,,,,,,,,,,,,,,,,,,,,,,,,100,0,100,8,100,20,100,35,,,100,4,100,2,100,0,200,0,,,,,,,,,,,,,,,,,100,203554826,50,20067,100,0,100,0,,,100,529,,,,,,,,,,,,,100,0,,,,,,,,,,,,,,,,,,,,,,,,
2026-03-04,2BJB42BN,WDC WUH721816ALE6L4,16000900661248,0,phx1,040,2012,09,0038,false,100,0,136,96,84,329,100,14,100,78,100,0,140,15,96,31304,100,0,,,100,14,,,,,,,,,,,100,100,,,,,,,,,,,,,,,,,,,,,,,,,,,,,,,,,,,,,,,,,,,,,,,,,,,,,,,,,,,,,,,,,,,,,,,100,3692,100,3692,53,40,,,100,78,100,40,100,0,100,0,,,,,,,,,,,,,,,,,,,,,,,,,,,,,,,,,,,,,,,,,,,,,,,,,,,,,,,,,,,,,,,,,,
2026-03-05,13N0A06DFVKG,TOSHIBA MG08ACA16TA,16000900661248,0,phx1,040,2022,16,0043,false,100,0,100,0,100,8060,100,9,100,7,100,0,100,0,50,20321,100,0,,,100,9,,,,,,,,,,,,,100,0,100,0,,,,,,,,,,,,,,,,,,,,,,,,,,,,,,,,,,,,,,,,,,,,,,,,,,,,,,,,,,,,,,,,,100,0,100,8,100,20,100,35,,,100,7,100,3,100,0,200,0,,,,,,,,,,,,,,,,,100,203554820,50,20098,100,0,100,0,,,100,529,,,,,,,,,,,,,100,0,,,,,,,,,,,,,,,,,,,,,,,,
2026-03-05,2BJB42BN,WDC WUH721816ALE6L4,16000900661248,0,phx1,040,2012,09,0038,false,100,0,136,96,84,329,100,14,100,78,100,0,140,15,96,31319,100,0,,,100,14,,,,,,,,,,,100,100,,,,,,,,,,,,,,,,,,,,,,,,,,,,,,,,,,,,,,,,,,,,,,,,,,,,,,,,,,,,,,,,,,,,,,,100,3692,100,3692,53,40,,,100,78,100,40,100,0,100,0,,,,,,,,,,,,,,,,,,,,,,,,,,,,,,,,,,,,,,,,,,,,,,,,,,,,,,,,,,,,,,,,,,
2026-03-06,13N0A06DFVKG,TOSHIBA MG08ACA16TA,16000900661248,0,phx1,040,2022,16,,false,100,0,100,0,100,8060,100,9,100,7,100,0,100,0,50,20336,100,0,,,100,9,,,,,,,,,,,,,100,0,100,0,,,,,,,,,,,,,,,,,,,,,,,,,,,,,,,,,,,,,,,,,,,,,,,,,,,,,,,,,,,,,,,,,100,0,100,8,100,20,100,35,,,100,7,100,3,100,0,200,0,,,,,,,,,,,,,,,,,100,203554822,50,20113,100,0,100,0,,,100,529,,,,,,,,,,,,,100,0,,,,,,,,,,,,,,,,,,,,,,,,
2026-03-06,2BJB42BN,WDC WUH721816ALE6L4,16000900661248,0,phx1,040,2012,09,0038,false,100,0,136,96,84,329,100,14,100,78,100,0,140,15,96,31351,100,0,,,100,14,,,,,,,,,,,100,100,,,,,,,,,,,,,,,,,,,,,,,,,,,,,,,,,,,,,,,,,,,,,,,,,,,,,,,,,,,,,,,,,,,,,,,100,3694,100,3694,52,41,,,100,78,100,40,100,0,100,0,,,,,,,,,,,,,,,,,,,,,,,,,,,,,,,,,,,,,,,,,,,,,,,,,,,,,,,,,,,,,,,,,,
2026-03-07,13N0A06DFVKG,TOSHIBA MG08ACA16TA,16000900661248,0,phx1,040,2022,16,0043,false,100,0,100,0,100,8060,100,9,100,7,100,0,100,0,50,20367,100,0,,,100,9,,,,,,,,,,,,,100,0,100,0,,,,,,,,,,,,,,,,,,,,,,,,,,,,,,,,,,,,,,,,,,,,,,,,,,,,,,,,,,,,,,,,,100,0,100,8,100,20,100,35,,,100,7,100,2,100,0,200,0,,,,,,,,,,,,,,,,,100,203554824,50,20144,100,0,100,0,,,100,529,,,,,,,,,,,,,100,0,,,,,,,,,,,,,,,,,,,,,,,,
2026-03-07,2AGM5X0Y,HGST HUH721212ALN604,12000138625024,0,sac2,000,1124,13,,false,87,96,100,0,159,415,100,31,100,14,100,0,100,0,92,59729,100,0,,,100,26,,,,,,,,,,,100,100,,,,,,,,,,,,,,,,,,,,,,,,,,,,,,,,,,,,,,,,,,,,,,,,,,,,,,,,,,,,,,,,,,,,,,,99,2026,99,2026,187,32,,,100,14,100,537,100,57,200,0,,,,,,,,,,,,,,,,,,,,,,,,,,,,,,,,,,,,,,,,,,,,,,,,,,,,,,,,,,,,,,,,,,
2026-03-07,2AGMN3LY,HGST HUH721212ALN604,12000138625024,0,sac2,000,1122,19,0011,false,100,65536,100,0,161,407,100,19,100,38,100,0,100,0,92,60328,100,0,,,100,18,,,,,,,,,,,100,100,,,,,,,,,,,,,,,,,,,,,,,,,,,,,,,,,,,,,,,,,,,,,,,,,,,,,,,,,,,,,,,,,,,,,,,99,2237,99,2237,200,30,,,100,38,100,207,100,319,200,0,,,,,,,,,,,,,,,,,,,,,,,,,,,,,,,,,,,,,,,,,,,,,,,,,,,,,,,,,,,,,,,,,,
2026-03-07,2BJB42BN,WDC WUH721816ALE6L4,16000900661248,0,phx1,040,2012,09,0038,false,100,0,136,96,84,329,100,14,100,78,100,0,140,15,96,31367,100,0,,,100,14,,,,,,,,,,,100,100,,,,,,,,,,,,,,,,,,,,,,,,,,,,,,,,,,,,,,,,,,,,,,,,,,,,,,,,,,,,,,,,,,,,,,,100,3694,100,3694,53,40,,,100,78,100,40,100,0,100,0,,,,,,,,,,,,,,,,,,,,,,,,,,,,,,,,,,,,,,,,,,,,,,,,,,,,,,,,,,,,,,,,,,
2026-03-08,13N0A06DFVKG,TOSHIBA MG08ACA16TA,16000900661248,0,phx1,040,2022,16,0043,false,100,0,100,0,100,8060,100,9,100,7,100,0,100,0,50,20383,100,0,,,100,9,,,,,,,,,,,,,100,0,100,0,,,,,,,,,,,,,,,,,,,,,,,,,,,,,,,,,,,,,,,,,,,,,,,,,,,,,,,,,,,,,,,,,100,0,100,8,100,20,100,35,,,100,7,100,2,100,0,200,0,,,,,,,,,,,,,,,,,100,1048579,50,20160,100,0,100,0,,,100,529,,,,,,,,,,,,,100,0,,,,,,,,,,,,,,,,,,,,,,,,
2026-03-08,2AGMN3LY,HGST HUH721212ALN604,12000138625024,0,sac2,000,1122,19,0011,false,100,0,100,0,161,407,100,19,100,38,100,0,100,0,92,60359,100,0,,,100,18,,,,,,,,,,,100,100,,,,,,,,,,,,,,,,,,,,,,,,,,,,,,,,,,,,,,,,,,,,,,,,,,,,,,,,,,,,,,,,,,,,,,,99,2238,99,2238,187,32,,,100,38,100,207,100,319,200,0,,,,,,,,,,,,,,,,,,,,,,,,,,,,,,,,,,,,,,,,,,,,,,,,,,,,,,,,,,,,,,,,,,
2026-03-08,2BJB42BN,WDC WUH721816ALE6L4,16000900661248,0,phx1,040,2012,09,0038,false,100,0,136,96,84,329,100,14,100,79,100,0,140,15,96,31398,100,0,,,100,14,,,,,,,,,,,100,100,,,,,,,,,,,,,,,,,,,,,,,,,,,,,,,,,,,,,,,,,,,,,,,,,,,,,,,,,,,,,,,,,,,,,,,100,3696,100,3696,53,40,,,100,79,100,40,100,0,100,0,,,,,,,,,,,,,,,,,,,,,,,,,,,,,,,,,,,,,,,,,,,,,,,,,,,,,,,,,,,,,,,,,,
2026-03-09,13N0A06DFVKG,TOSHIBA MG08ACA16TA,16000900661248,0,phx1,040,2022,16,0043,false,100,0,100,0,100,8060,100,9,100,7,100,0,100,0,49,20414,100,0,,,100,9,,,,,,,,,,,,,100,0,100,0,,,,,,,,,,,,,,,,,,,,,,,,,,,,,,,,,,,,,,,,,,,,,,,,,,,,,,,,,,,,,,,,,100,0,100,8,100,20,100,36,,,100,7,100,3,100,0,200,0,,,,,,,,,,,,,,,,,100,203554823,50,20190,100,0,100,0,,,100,529,,,,,,,,,,,,,100,0,,,,,,,,,,,,,,,,,,,,,,,,
2026-03-09,2AGMN3LY,HGST HUH721212ALN604,12000138625024,0,sac2,000,1122,19,0011,false,100,0,100,0,161,407,100,19,100,38,100,0,100,0,92,60375,100,0,,,100,18,,,,,,,,,,,100,100,,,,,,,,,,,,,,,,,,,,,,,,,,,,,,,,,,,,,,,,,,,,,,,,,,,,,,,,,,,,,,,,,,,,,,,99,2238,99,2238,193,31,,,100,38,100,207,100,319,200,0,,,,,,,,,,,,,,,,,,,,,,,,,,,,,,,,,,,,,,,,,,,,,,,,,,,,,,,,,,,,,,,,,,
2026-03-09,2BJB42BN,WDC WUH721816ALE6L4,16000900661248,0,phx1,040,2012,09,0038,false,100,29,136,96,84,329,100,14,100,79,100,0,140,15,96,31414,100,0,,,100,14,,,,,,,,,,,100,100,,,,,,,,,,,,,,,,,,,,,,,,,,,,,,,,,,,,,,,,,,,,,,,,,,,,,,,,,,,,,,,,,,,,,,,100,3697,100,3697,53,40,,,100,79,100,40,100,0,100,0,,,,,,,,,,,,,,,,,,,,,,,,,,,,,,,,,,,,,,,,,,,,,,,,,,,,,,,,,,,,,,,,,,
2026-03-10,13N0A06DFVKG,TOSHIBA MG08ACA16TA,16000900661248,0,phx1,040,2022,16,0043,false,100,0,100,0,100,8060,100,9,100,7,100,0,100,0,49,20429,100,0,,,100,9,,,,,,,,,,,,,100,0,100,0,,,,,,,,,,,,,,,,,,,,,,,,,,,,,,,,,,,,,,,,,,,,,,,,,,,,,,,,,,,,,,,,,100,0,100,8,100,20,100,35,,,100,7,100,3,100,0,200,0,,,,,,,,,,,,,,,,,100,203554824,50,20206,100,0,100,0,,,100,529,,,,,,,,,,,,,100,0,,,,,,,,,,,,,,,,,,,,,,,,
2026-03-10,2AGMN3LY,HGST HUH721212ALN604,12000138625024,0,sac2,000,1122,19,0011,false,100,0,100,0,161,407,100,19,100,38,100,0,100,0,92,60406,100,0,,,100,18,,,,,,,,,,,100,100,,,,,,,,,,,,,,,,,,,,,,,,,,,,,,,,,,,,,,,,,,,,,,,,,,,,,,,,,,,,,,,,,,,,,,,99,2239,99,2239,193,31,,,100,38,100,207,100,319,200,0,,,,,,,,,,,,,,,,,,,,,,,,,,,,,,,,,,,,,,,,,,,,,,,,,,,,,,,,,,,,,,,,,,
2026-03-10,2BJB42BN,WDC WUH721816ALE6L4,16000900661248,0,phx1,040,2012,09,0038,false,100,0,136,96,84,329,100,14,100,79,100,0,140,15,96,31445,100,0,,,100,14,,,,,,,,,,,100,100,,,,,,,,,,,,,,,,,,,,,,,,,,,,,,,,,,,,,,,,,,,,,,,,,,,,,,,,,,,,,,,,,,,,,,,100,3698,100,3698,52,41,,,100,79,100,40,100,0,100,0,,,,,,,,,,,,,,,,,,,,,,,,,,,,,,,,,,,,,,,,,,,,,,,,,,,,,,,,,,,,,,,,,,
2026-03-11,13N0A06DFVKG,TOSHIBA MG08ACA16TA,16000900661248,0,phx1,040,2022,16,0043,false,100,0,100,0,100,8060,100,9,100,8,100,0,100,0,49,20460,100,0,,,100,9,,,,,,,,,,,,,100,0,100,0,,,,,,,,,,,,,,,,,,,,,,,,,,,,,,,,,,,,,,,,,,,,,,,,,,,,,,,,,,,,,,,,,100,0,100,8,100,20,100,36,,,100,8,100,3,100,0,200,0,,,,,,,,,,,,,,,,,100,203554823,50,20237,100,0,100,0,,,100,529,,,,,,,,,,,,,100,0,,,,,,,,,,,,,,,,,,,,,,,,
2026-03-11,2AGMN3LY,HGST HUH721212ALN604,12000138625024,0,sac2,000,1122,19,0011,false,100,0,100,0,161,407,100,19,100,38,100,0,100,0,92,60421,100,0,,,100,18,,,,,,,,,,,100,100,,,,,,,,,,,,,,,,,,,,,,,,,,,,,,,,,,,,,,,,,,,,,,,,,,,,,,,,,,,,,,,,,,,,,,,99,2240,99,2240,193,31,,,100,38,100,207,100,319,200,0,,,,,,,,,,,,,,,,,,,,,,,,,,,,,,,,,,,,,,,,,,,,,,,,,,,,,,,,,,,,,,,,,,
2026-03-11,2BJB42BN,WDC WUH721816ALE6L4,16000900661248,0,phx1,040,2012,09,0038,false,100,0,136,96,84,329,100,14,100,79,100,0,140,15,96,31461,100,0,,,100,14,,,,,,,,,,,100,100,,,,,,,,,,,,,,,,,,,,,,,,,,,,,,,,,,,,,,,,,,,,,,,,,,,,,,,,,,,,,,,,,,,,,,,100,3699,100,3699,53,40,,,100,79,100,40,100,0,100,0,,,,,,,,,,,,,,,,,,,,,,,,,,,,,,,,,,,,,,,,,,,,,,,,,,,,,,,,,,,,,,,,,,
2026-03-12,13N0A06DFVKG,TOSHIBA MG08ACA16TA,16000900661248,0,phx1,040,2022,16,0043,false,100,0,100,0,100,8060,100,9,100,8,100,0,100,0,49,20491,100,0,,,100,9,,,,,,,,,,,,,100,0,100,0,,,,,,,,,,,,,,,,,,,,,,,,,,,,,,,,,,,,,,,,,,,,,,,,,,,,,,,,,,,,,,,,,100,0,100,8,100,20,100,36,,,100,8,100,3,100,0,200,0,,,,,,,,,,,,,,,,,100,1048579,50,20268,100,0,100,0,,,100,529,,,,,,,,,,,,,100,0,,,,,,,,,,,,,,,,,,,,,,,,
2026-03-12,2AGMN3LY,HGST HUH721212ALN604,12000138625024,0,sac2,000,1122,19,0011,false,100,0,100,0,161,407,100,19,100,38,100,0,100,0,92,60452,100,0,,,100,18,,,,,,,,,,,100,100,,,,,,,,,,,,,,,,,,,,,,,,,,,,,,,,,,,,,,,,,,,,,,,,,,,,,,,,,,,,,,,,,,,,,,,99,2241,99,2241,193,31,,,100,38,100,207,100,319,200,0,,,,,,,,,,,,,,,,,,,,,,,,,,,,,,,,,,,,,,,,,,,,,,,,,,,,,,,,,,,,,,,,,,
2026-03-12,2BJB42BN,WDC WUH721816ALE6L4,16000900661248,0,phx1,040,2012,09,0038,false,100,0,136,96,84,329,100,14,100,79,100,0,140,15,96,31492,100,0,,,100,14,,,,,,,,,,,100,100,,,,,,,,,,,,,,,,,,,,,,,,,,,,,,,,,,,,,,,,,,,,,,,,,,,,,,,,,,,,,,,,,,,,,,,100,3700,100,3700,53,40,,,100,79,100,40,100,0,100,0,,,,,,,,,,,,,,,,,,,,,,,,,,,,,,,,,,,,,,,,,,,,,,,,,,,,,,,,,,,,,,,,,,
2026-03-13,13N0A06DFVKG,TOSHIBA MG08ACA16TA,16000900661248,0,phx1,040,2022,16,0043,false,100,0,100,0,100,8060,100,9,100,8,100,0,100,0,49,20506,100,0,,,100,9,,,,,,,,,,,,,100,0,100,0,,,,,,,,,,,,,,,,,,,,,,,,,,,,,,,,,,,,,,,,,,,,,,,,,,,,,,,,,,,,,,,,,100,0,100,8,100,20,100,36,,,100,8,100,3,100,0,200,0,,,,,,,,,,,,,,,,,100,251789318,50,20283,100,0,100,0,,,100,529,,,,,,,,,,,,,100,0,,,,,,,,,,,,,,,,,,,,,,,,
2026-03-13,2AGMN3LY,HGST HUH721212ALN604,12000138625024,0,sac2,000,1122,19,0011,false,100,0,100,0,161,407,100,19,100,38,100,0,100,0,92,60483,100,0,,,100,18,,,,,,,,,,,100,100,,,,,,,,,,,,,,,,,,,,,,,,,,,,,,,,,,,,,,,,,,,,,,,,,,,,,,,,,,,,,,,,,,,,,,,99,2243,99,2243,187,32,,,100,38,100,207,100,319,200,0,,,,,,,,,,,,,,,,,,,,,,,,,,,,,,,,,,,,,,,,,,,,,,,,,,,,,,,,,,,,,,,,,,
2026-03-13,2BJB42BN,WDC WUH721816ALE6L4,16000900661248,0,phx1,040,2012,09,0038,false,100,0,136,96,84,329,100,14,100,79,100,0,140,15,96,31508,100,0,,,100,14,,,,,,,,,,,100,100,,,,,,,,,,,,,,,,,,,,,,,,,,,,,,,,,,,,,,,,,,,,,,,,,,,,,,,,,,,,,,,,,,,,,,,100,3700,100,3700,53,40,,,100,79,100,40,100,0,100,0,,,,,,,,,,,,,,,,,,,,,,,,,,,,,,,,,,,,,,,,,,,,,,,,,,,,,,,,,,,,,,,,,,
2026-03-14,13N0A06DFVKG,TOSHIBA MG08ACA16TA,16000900661248,0,phx1,040,2022,16,,false,100,0,100,0,100,8060,100,9,100,8,100,0,100,0,49,20537,100,0,,,100,9,,,,,,,,,,,,,100,0,100,0,,,,,,,,,,,,,,,,,,,,,,,,,,,,,,,,,,,,,,,,,,,,,,,,,,,,,,,,,,,,,,,,,100,0,100,8,100,20,100,35,,,100,8,100,3,100,0,200,0,,,,,,,,,,,,,,,,,100,1048583,50,20314,100,0,100,0,,,100,529,,,,,,,,,,,,,100,0,,,,,,,,,,,,,,,,,,,,,,,,
2026-03-14,2AGMN3LY,HGST HUH721212ALN604,12000138625024,0,sac2,000,1122,19,0011,false,100,0,100,0,161,407,100,19,100,38,100,0,100,0,92,60499,100,0,,,100,18,,,,,,,,,,,100,100,,,,,,,,,,,,,,,,,,,,,,,,,,,,,,,,,,,,,,,,,,,,,,,,,,,,,,,,,,,,,,,,,,,,,,,99,2243,99,2243,187,32,,,100,38,100,207,100,319,200,0,,,,,,,,,,,,,,,,,,,,,,,,,,,,,,,,,,,,,,,,,,,,,,,,,,,,,,,,,,,,,,,,,,
2026-03-14,2BJB42BN,WDC WUH721816ALE6L4,16000900661248,0,phx1,040,2012,09,0038,false,100,0,136,96,84,329,100,14,100,79,100,0,140,15,96,31540,100,0,,,100,14,,,,,,,,,,,100,100,,,,,,,,,,,,,,,,,,,,,,,,,,,,,,,,,,,,,,,,,,,,,,,,,,,,,,,,,,,,,,,,,,,,,,,100,3702,100,3702,53,40,,,100,79,100,40,100,0,100,0,,,,,,,,,,,,,,,,,,,,,,,,,,,,,,,,,,,,,,,,,,,,,,,,,,,,,,,,,,,,,,,,,,
2026-03-15,13N0A06DFVKG,TOSHIBA MG08ACA16TA,16000900661248,0,phx1,040,2022,16,0043,false,100,0,100,0,100,8060,100,9,100,8,100,0,100,0,49,20552,100,0,,,100,9,,,,,,,,,,,,,100,0,100,0,,,,,,,,,,,,,,,,,,,,,,,,,,,,,,,,,,,,,,,,,,,,,,,,,,,,,,,,,,,,,,,,,100,0,100,8,100,20,100,35,,,100,8,100,3,100,0,200,0,,,,,,,,,,,,,,,,,100,203554821,50,20329,100,0,100,0,,,100,529,,,,,,,,,,,,,100,0,,,,,,,,,,,,,,,,,,,,,,,,
2026-03-15,2AGMN3LY,HGST HUH721212ALN604,12000138625024,0,sac2,000,1122,19,0011,false,100,0,100,0,161,407,100,19,100,38,100,0,100,0,92,60530,100,0,,,100,18,,,,,,,,,,,100,100,,,,,,,,,,,,,,,,,,,,,,,,,,,,,,,,,,,,,,,,,,,,,,,,,,,,,,,,,,,,,,,,,,,,,,,99,2244,99,2244,181,33,,,100,38,100,207,100,319,200,0,,,,,,,,,,,,,,,,,,,,,,,,,,,,,,,,,,,,,,,,,,,,,,,,,,,,,,,,,,,,,,,,,,
2026-03-15,2BJB42BN,WDC WUH721816ALE6L4,16000900661248,0,phx1,040,2012,09,0038,false,100,0,136,96,84,329,100,14,100,79,100,0,140,15,96,31571,100,0,,,100,14,,,,,,,,,,,100,100,,,,,,,,,,,,,,,,,,,,,,,,,,,,,,,,,,,,,,,,,,,,,,,,,,,,,,,,,,,,,,,,,,,,,,,100,3703,100,3703,52,41,,,100,79,100,40,100,0,100,0,,,,,,,,,,,,,,,,,,,,,,,,,,,,,,,,,,,,,,,,,,,,,,,,,,,,,,,,,,,,,,,,,,
2026-03-16,13N0A06DFVKG,TOSHIBA MG08ACA16TA,16000900661248,0,phx1,040,2022,16,0043,false,100,0,100,0,100,8060,100,9,100,8,100,0,100,0,49,20583,100,0,,,100,9,,,,,,,,,,,,,100,0,100,0,,,,,,,,,,,,,,,,,,,,,,,,,,,,,,,,,,,,,,,,,,,,,,,,,,,,,,,,,,,,,,,,,100,0,100,8,100,20,100,35,,,100,8,100,3,100,0,200,0,,,,,,,,,,,,,,,,,100,167772163,50,20360,100,0,100,0,,,100,529,,,,,,,,,,,,,100,0,,,,,,,,,,,,,,,,,,,,,,,,
2026-03-16,2AGM5X0Y,HGST HUH721212ALN604,12000138625024,0,sac2,000,1124,13,0022,false,87,3604518,100,0,159,415,100,32,100,14,100,0,100,0,92,59947,100,0,,,100,26,,,,,,,,,,,100,100,,,,,,,,,,,,,,,,,,,,,,,,,,,,,,,,,,,,,,,,,,,,,,,,,,,,,,,,,,,,,,,,,,,,,,,99,2027,99,2027,181,33,,,100,14,100,1618,100,261,200,0,,,,,,,,,,,,,,,,,,,,,,,,,,,,,,,,,,,,,,,,,,,,,,,,,,,,,,,,,,,,,,,,,,
2026-03-16,2AGMN3LY,HGST HUH721212ALN604,12000138625024,0,sac2,000,1122,19,0011,false,100,0,100,0,161,407,100,19,100,38,100,0,100,0,92,60546,100,0,,,100,18,,,,,,,,,,,100,100,,,,,,,,,,,,,,,,,,,,,,,,,,,,,,,,,,,,,,,,,,,,,,,,,,,,,,,,,,,,,,,,,,,,,,,99,2245,99,2245,181,33,,,100,38,100,207,100,319,200,0,,,,,,,,,,,,,,,,,,,,,,,,,,,,,,,,,,,,,,,,,,,,,,,,,,,,,,,,,,,,,,,,,,
2026-03-16,2BJB42BN,WDC WUH721816ALE6L4,16000900661248,0,phx1,040,2012,09,0038,false,100,2031616,136,96,84,329,100,14,100,79,100,0,140,15,96,31587,100,0,,,100,14,,,,,,,,,,,100,100,,,,,,,,,,,,,,,,,,,,,,,,,,,,,,,,,,,,,,,,,,,,,,,,,,,,,,,,,,,,,,,,,,,,,,,100,3704,100,3704,53,40,,,100,79,100,40,100,0,100,0,,,,,,,,,,,,,,,,,,,,,,,,,,,,,,,,,,,,,,,,,,,,,,,,,,,,,,,,,,,,,,,,,,
2026-03-17,13N0A06DFVKG,TOSHIBA MG08ACA16TA,16000900661248,0,phx1,040,2022,16,0043,false,100,0,100,0,100,8060,100,9,100,8,100,0,100,0,49,20599,100,0,,,100,9,,,,,,,,,,,,,100,0,100,0,,,,,,,,,,,,,,,,,,,,,,,,,,,,,,,,,,,,,,,,,,,,,,,,,,,,,,,,,,,,,,,,,100,0,100,8,100,20,100,35,,,100,8,100,3,100,0,200,0,,,,,,,,,,,,,,,,,100,203554820,50,20375,100,0,100,0,,,100,529,,,,,,,,,,,,,100,0,,,,,,,,,,,,,,,,,,,,,,,,
2026-03-17,2AGM5X0Y,HGST HUH721212ALN604,12000138625024,0,sac2,000,1124,13,,false,95,65548,100,0,159,415,100,32,100,14,100,0,100,0,92,59963,100,0,,,100,26,,,,,,,,,,,100,100,,,,,,,,,,,,,,,,,,,,,,,,,,,,,,,,,,,,,,,,,,,,,,,,,,,,,,,,,,,,,,,,,,,,,,,99,2027,99,2027,193,31,,,100,14,100,1781,100,261,200,0,,,,,,,,,,,,,,,,,,,,,,,,,,,,,,,,,,,,,,,,,,,,,,,,,,,,,,,,,,,,,,,,,,
2026-03-17,2AGMN3LY,HGST HUH721212ALN604,12000138625024,0,sac2,000,1122,19,0011,false,100,0,100,0,161,407,100,19,100,38,100,0,100,0,92,60562,100,0,,,100,18,,,,,,,,,,,100,100,,,,,,,,,,,,,,,,,,,,,,,,,,,,,,,,,,,,,,,,,,,,,,,,,,,,,,,,,,,,,,,,,,,,,,,99,2245,99,2245,187,32,,,100,38,100,212,100,319,200,0,,,,,,,,,,,,,,,,,,,,,,,,,,,,,,,,,,,,,,,,,,,,,,,,,,,,,,,,,,,,,,,,,,
2026-03-17,2BJB42BN,WDC WUH721816ALE6L4,16000900661248,0,phx1,040,2012,09,0038,false,100,0,136,96,84,329,100,14,100,79,100,0,140,15,96,31618,100,0,,,100,14,,,,,,,,,,,100,100,,,,,,,,,,,,,,,,,,,,,,,,,,,,,,,,,,,,,,,,,,,,,,,,,,,,,,,,,,,,,,,,,,,,,,,100,3705,100,3705,53,40,,,100,79,100,40,100,0,100,0,,,,,,,,,,,,,,,,,,,,,,,,,,,,,,,,,,,,,,,,,,,,,,,,,,,,,,,,,,,,,,,,,,
2026-03-18,13N0A06DFVKG,TOSHIBA MG08ACA16TA,16000900661248,0,phx1,040,2022,16,0043,false,100,0,100,0,100,8060,100,9,100,8,100,0,100,0,49,20630,100,0,,,100,9,,,,,,,,,,,,,100,0,100,0,,,,,,,,,,,,,,,,,,,,,,,,,,,,,,,,,,,,,,,,,,,,,,,,,,,,,,,,,,,,,,,,,100,0,100,8,100,20,100,34,,,100,8,100,3,100,0,200,0,,,,,,,,,,,,,,,,,100,203554824,49,20406,100,0,100,0,,,100,529,,,,,,,,,,,,,100,0,,,,,,,,,,,,,,,,,,,,,,,,
2026-03-18,2AGMN3LY,HGST HUH721212ALN604,12000138625024,0,sac2,000,1122,19,0011,false,100,0,100,0,161,407,100,19,100,38,100,0,100,0,92,60593,100,0,,,100,18,,,,,,,,,,,100,100,,,,,,,,,,,,,,,,,,,,,,,,,,,,,,,,,,,,,,,,,,,,,,,,,,,,,,,,,,,,,,,,,,,,,,,99,2246,99,2246,193,31,,,100,38,100,212,100,319,200,0,,,,,,,,,,,,,,,,,,,,,,,,,,,,,,,,,,,,,,,,,,,,,,,,,,,,,,,,,,,,,,,,,,
2026-03-18,2BJB42BN,WDC WUH721816ALE6L4,16000900661248,0,phx1,040,2012,09,0038,false,100,0,136,96,84,329,100,14,100,79,100,0,140,15,96,31634,100,0,,,100,14,,,,,,,,,,,100,100,,,,,,,,,,,,,,,,,,,,,,,,,,,,,,,,,,,,,,,,,,,,,,,,,,,,,,,,,,,,,,,,,,,,,,,100,3706,100,3706,53,40,,,100,79,100,40,100,0,100,0,,,,,,,,,,,,,,,,,,,,,,,,,,,,,,,,,,,,,,,,,,,,,,,,,,,,,,,,,,,,,,,,,,
2026-03-19,13N0A06DFVKG,TOSHIBA MG08ACA16TA,16000900661248,0,phx1,040,2022,16,0043,false,100,0,100,0,100,8060,100,9,100,8,100,0,100,0,49,20661,100,0,,,100,9,,,,,,,,,,,,,100,0,100,0,,,,,,,,,,,,,,,,,,,,,,,,,,,,,,,,,,,,,,,,,,,,,,,,,,,,,,,,,,,,,,,,,100,0,100,8,100,20,100,34,,,100,8,100,3,100,0,200,0,,,,,,,,,,,,,,,,,100,203554823,49,20437,100,0,100,0,,,100,529,,,,,,,,,,,,,100,0,,,,,,,,,,,,,,,,,,,,,,,,
2026-03-19,2AGMN3LY,HGST HUH721212ALN604,12000138625024,0,sac2,000,1122,19,0011,false,100,0,100,0,161,407,100,19,100,38,100,0,100,0,92,60624,100,0,,,100,18,,,,,,,,,,,100,100,,,,,,,,,,,,,,,,,,,,,,,,,,,,,,,,,,,,,,,,,,,,,,,,,,,,,,,,,,,,,,,,,,,,,,,99,2248,99,2248,193,31,,,100,38,100,212,100,319,200,0,,,,,,,,,,,,,,,,,,,,,,,,,,,,,,,,,,,,,,,,,,,,,,,,,,,,,,,,,,,,,,,,,,
2026-03-19,2BJB42BN,WDC WUH721816ALE6L4,16000900661248,0,phx1,040,2012,09,0038,false,100,0,136,96,84,329,100,14,100,79,100,0,140,15,96,31666,100,0,,,100,14,,,,,,,,,,,100,100,,,,,,,,,,,,,,,,,,,,,,,,,,,,,,,,,,,,,,,,,,,,,,,,,,,,,,,,,,,,,,,,,,,,,,,100,3708,100,3708,53,40,,,100,79,100,40,100,0,100,0,,,,,,,,,,,,,,,,,,,,,,,,,,,,,,,,,,,,,,,,,,,,,,,,,,,,,,,,,,,,,,,,,,
2026-03-20,13N0A06DFVKG,TOSHIBA MG08ACA16TA,16000900661248,0,phx1,040,2022,16,0043,false,100,0,100,0,100,8060,100,9,100,8,100,0,100,0,49,20676,100,0,,,100,9,,,,,,,,,,,,,100,0,100,0,,,,,,,,,,,,,,,,,,,,,,,,,,,,,,,,,,,,,,,,,,,,,,,,,,,,,,,,,,,,,,,,,100,0,100,8,100,20,100,34,,,100,8,100,3,100,0,200,0,,,,,,,,,,,,,,,,,100,203554820,49,20453,100,0,100,0,,,100,529,,,,,,,,,,,,,100,0,,,,,,,,,,,,,,,,,,,,,,,,
2026-03-20,2AGMN3LY,HGST HUH721212ALN604,12000138625024,0,sac2,000,1122,19,0011,false,100,0,100,0,161,407,100,19,100,38,100,0,100,0,92,60640,100,0,,,100,18,,,,,,,,,,,100,100,,,,,,,,,,,,,,,,,,,,,,,,,,,,,,,,,,,,,,,,,,,,,,,,,,,,,,,,,,,,,,,,,,,,,,,99,2248,99,2248,187,32,,,100,38,100,212,100,319,200,0,,,,,,,,,,,,,,,,,,,,,,,,,,,,,,,,,,,,,,,,,,,,,,,,,,,,,,,,,,,,,,,,,,
2026-03-20,2BJB42BN,WDC WUH721816ALE6L4,16000900661248,0,phx1,040,2012,09,0038,false,100,0,136,96,84,329,100,14,100,79,100,0,140,15,96,31682,100,0,,,100,14,,,,,,,,,,,100,100,,,,,,,,,,,,,,,,,,,,,,,,,,,,,,,,,,,,,,,,,,,,,,,,,,,,,,,,,,,,,,,,,,,,,,,100,3708,100,3708,53,40,,,100,79,100,40,100,0,100,0,,,,,,,,,,,,,,,,,,,,,,,,,,,,,,,,,,,,,,,,,,,,,,,,,,,,,,,,,,,,,,,,,,
2026-03-21,13N0A06DFVKG,TOSHIBA MG08ACA16TA,16000900661248,0,phx1,040,2022,16,0043,false,100,0,100,0,100,8060,100,9,100,13,100,0,100,0,49,20708,100,0,,,100,9,,,,,,,,,,,,,100,0,100,0,,,,,,,,,,,,,,,,,,,,,,,,,,,,,,,,,,,,,,,,,,,,,,,,,,,,,,,,,,,,,,,,,100,0,100,8,100,20,100,35,,,100,13,100,3,100,0,200,0,,,,,,,,,,,,,,,,,100,35651588,49,20484,100,0,100,0,,,100,529,,,,,,,,,,,,,100,0,,,,,,,,,,,,,,,,,,,,,,,,
2026-03-21,2AGMN3LY,HGST HUH721212ALN604,12000138625024,0,sac2,000,1122,19,0011,false,100,0,100,0,161,407,100,19,100,38,100,0,100,0,92,60671,100,0,,,100,18,,,,,,,,,,,100,100,,,,,,,,,,,,,,,,,,,,,,,,,,,,,,,,,,,,,,,,,,,,,,,,,,,,,,,,,,,,,,,,,,,,,,,99,2250,99,2250,181,33,,,100,38,100,212,100,319,200,0,,,,,,,,,,,,,,,,,,,,,,,,,,,,,,,,,,,,,,,,,,,,,,,,,,,,,,,,,,,,,,,,,,
2026-03-21,2BJB42BN,WDC WUH721816ALE6L4,16000900661248,0,phx1,040,2012,09,0038,false,100,0,136,96,84,329,100,14,100,79,100,0,140,15,96,31713,100,0,,,100,14,,,,,,,,,,,100,100,,,,,,,,,,,,,,,,,,,,,,,,,,,,,,,,,,,,,,,,,,,,,,,,,,,,,,,,,,,,,,,,,,,,,,,100,3710,100,3710,53,40,,,100,79,100,40,100,0,100,0,,,,,,,,,,,,,,,,,,,,,,,,,,,,,,,,,,,,,,,,,,,,,,,,,,,,,,,,,,,,,,,,,,
2026-03-21,2CKUMEEJ,WUH721816ALE6L4,16000900661248,0,phx1,000,1061,12,,false,100,0,137,92,83,345,100,23,100,0,100,0,140,15,99,8293,100,0,,,100,23,,,,,,,,,,,100,100,,,,,,,,,,,,,,,,,,,,,,,,,,,,,,,,,,,,,,,,,,,,,,,,,,,,,,,,,,,100,0,,,100,0,,,,,,,100,367,100,367,60,34,,,100,0,100,0,100,0,100,0,,,,,,,,,,,,,,,,,,,,,,,,,,,,,,,,,,,,,,,,,,,100,26089362791,100,30041249365,,,,,,,,,,,,,,,,,,,,
2026-03-22,13N0A06DFVKG,TOSHIBA MG08ACA16TA,16000900661248,0,phx1,040,2022,16,0043,false,100,0,100,0,100,8060,100,9,100,14,100,0,100,0,49,20723,100,0,,,100,9,,,,,,,,,,,,,100,0,100,0,,,,,,,,,,,,,,,,,,,,,,,,,,,,,,,,,,,,,,,,,,,,,,,,,,,,,,,,,,,,,,,,,100,0,100,8,100,20,100,35,,,100,14,100,4,100,0,200,0,,,,,,,,,,,,,,,,,100,203554822,49,20500,100,0,100,0,,,100,529,,,,,,,,,,,,,100,0,,,,,,,,,,,,,,,,,,,,,,,,
2026-03-22,2AGMN3LY,HGST HUH721212ALN604,12000138625024,0,sac2,000,1122,19,0011,false,100,0,100,0,161,407,100,19,100,38,100,0,100,0,92,60686,100,0,,,100,18,,,,,,,,,,,100,100,,,,,,,,,,,,,,,,,,,,,,,,,,,,,,,,,,,,,,,,,,,,,,,,,,,,,,,,,,,,,,,,,,,,,,,99,2250,99,2250,181,33,,,100,38,100,212,100,319,200,0,,,,,,,,,,,,,,,,,,,,,,,,,,,,,,,,,,,,,,,,,,,,,,,,,,,,,,,,,,,,,,,,,,
2026-03-22,2BJB42BN,WDC WUH721816ALE6L4,16000900661248,0,phx1,040,2012,09,0038,false,100,1572864,136,96,84,329,100,14,100,79,100,0,140,15,96,31729,100,0,,,100,14,,,,,,,,,,,100,100,,,,,,,,,,,,,,,,,,,,,,,,,,,,,,,,,,,,,,,,,,,,,,,,,,,,,,,,,,,,,,,,,,,,,,,100,3710,100,3710,53,40,,,100,79,100,40,100,0,100,0,,,,,,,,,,,,,,,,,,,,,,,,,,,,,,,,,,,,,,,,,,,,,,,,,,,,,,,,,,,,,,,,,,
2026-03-22,2CKUMEEJ,WUH721816ALE6L4,16000900661248,0,phx1,000,1061,12,,false,100,0,137,92,83,345,100,23,100,0,100,0,140,15,99,8310,100,0,,,100,23,,,,,,,,,,,100,100,,,,,,,,,,,,,,,,,,,,,,,,,,,,,,,,,,,,,,,,,,,,,,,,,,,,,,,,,,,100,0,,,100,0,,,,,,,100,368,100,368,60,34,,,100,0,100,0,100,0,100,0,,,,,,,,,,,,,,,,,,,,,,,,,,,,,,,,,,,,,,,,,,,100,27965792135,100,30041797821,,,,,,,,,,,,,,,,,,,,
2026-03-23,13N0A06DFVKG,TOSHIBA MG08ACA16TA,16000900661248,0,phx1,040,2022,16,0043,false,100,0,100,0,100,8060,100,9,100,14,100,0,100,0,49,20754,100,0,,,100,9,,,,,,,,,,,,,100,0,100,0,,,,,,,,,,,,,,,,,,,,,,,,,,,,,,,,,,,,,,,,,,,,,,,,,,,,,,,,,,,,,,,,,100,0,100,8,100,20,100,35,,,100,14,100,4,100,0,200,0,,,,,,,,,,,,,,,,,100,84279300,49,20531,100,0,100,0,,,100,529,,,,,,,,,,,,,100,0,,,,,,,,,,,,,,,,,,,,,,,,
2026-03-23,2AGMN3LY,HGST HUH721212ALN604,12000138625024,0,sac2,000,1122,19,0011,false,100,0,100,0,161,407,100,19,100,38,100,0,100,0,92,60718,100,0,,,100,18,,,,,,,,,,,100,100,,,,,,,,,,,,,,,,,,,,,,,,,,,,,,,,,,,,,,,,,,,,,,,,,,,,,,,,,,,,,,,,,,,,,,,99,2252,99,2252,181,33,,,100,38,100,212,100,319,200,0,,,,,,,,,,,,,,,,,,,,,,,,,,,,,,,,,,,,,,,,,,,,,,,,,,,,,,,,,,,,,,,,,,
2026-03-23,2BJB42BN,WDC WUH721816ALE6L4,16000900661248,0,phx1,040,2012,09,0038,false,100,0,136,96,84,329,100,14,100,79,100,0,140,15,96,31761,100,0,,,100,14,,,,,,,,,,,100,100,,,,,,,,,,,,,,,,,,,,,,,,,,,,,,,,,,,,,,,,,,,,,,,,,,,,,,,,,,,,,,,,,,,,,,,100,3712,100,3712,53,40,,,100,79,100,40,100,0,100,0,,,,,,,,,,,,,,,,,,,,,,,,,,,,,,,,,,,,,,,,,,,,,,,,,,,,,,,,,,,,,,,,,,
2026-03-23,2CKUMEEJ,WUH721816ALE6L4,16000900661248,0,phx1,000,1061,12,,false,100,0,137,92,83,345,100,23,100,0,100,0,140,15,99,8342,100,0,,,100,23,,,,,,,,,,,100,100,,,,,,,,,,,,,,,,,,,,,,,,,,,,,,,,,,,,,,,,,,,,,,,,,,,,,,,,,,,100,0,,,100,0,,,,,,,100,369,100,369,60,34,,,100,0,100,0,100,0,100,0,,,,,,,,,,,,,,,,,,,,,,,,,,,,,,,,,,,,,,,,,,,100,31185357639,100,30045700453,,,,,,,,,,,,,,,,,,,,
2026-03-24,13N0A06DFVKG,TOSHIBA MG08ACA16TA,16000900661248,0,phx1,040,2022,16,0043,false,100,0,100,0,100,8060,100,9,100,14,100,0,100,0,49,20770,100,0,,,100,9,,,,,,,,,,,,,100,0,100,0,,,,,,,,,,,,,,,,,,,,,,,,,,,,,,,,,,,,,,,,,,,,,,,,,,,,,,,,,,,,,,,,,100,0,100,8,100,20,100,36,,,100,14,100,5,100,0,200,0,,,,,,,,,,,,,,,,,100,52297731,49,20547,100,0,100,0,,,100,529,,,,,,,,,,,,,100,0,,,,,,,,,,,,,,,,,,,,,,,,
2026-03-24,2AGMN3LY,HGST HUH721212ALN604,12000138625024,0,sac2,000,1122,19,0011,false,100,0,100,0,161,407,100,19,100,38,100,0,100,0,92,60733,100,0,,,100,18,,,,,,,,,,,100,100,,,,,,,,,,,,,,,,,,,,,,,,,,,,,,,,,,,,,,,,,,,,,,,,,,,,,,,,,,,,,,,,,,,,,,,99,2252,99,2252,181,33,,,100,38,100,212,100,319,200,0,,,,,,,,,,,,,,,,,,,,,,,,,,,,,,,,,,,,,,,,,,,,,,,,,,,,,,,,,,,,,,,,,,
2026-03-24,2BJB42BN,WDC WUH721816ALE6L4,16000900661248,0,phx1,040,2012,09,0038,false,100,0,136,96,84,329,100,14,100,79,100,0,140,15,96,31777,100,0,,,100,14,,,,,,,,,,,100,100,,,,,,,,,,,,,,,,,,,,,,,,,,,,,,,,,,,,,,,,,,,,,,,,,,,,,,,,,,,,,,,,,,,,,,,100,3712,100,3712,52,41,,,100,79,100,40,100,0,100,0,,,,,,,,,,,,,,,,,,,,,,,,,,,,,,,,,,,,,,,,,,,,,,,,,,,,,,,,,,,,,,,,,,
2026-03-24,2CKUMEEJ,WUH721816ALE6L4,16000900661248,0,phx1,000,1061,12,,false,100,0,137,92,83,345,100,23,100,0,100,0,140,15,99,8357,100,0,,,100,23,,,,,,,,,,,100,100,,,,,,,,,,,,,,,,,,,,,,,,,,,,,,,,,,,,,,,,,,,,,,,,,,,,,,,,,,,100,0,,,100,0,,,,,,,100,370,100,370,60,34,,,100,0,100,0,100,0,100,0,,,,,,,,,,,,,,,,,,,,,,,,,,,,,,,,,,,,,,,,,,,100,32308193079,100,30051432061,,,,,,,,,,,,,,,,,,,,
2026-03-25,13N0A06DFVKG,TOSHIBA MG08ACA16TA,16000900661248,0,phx1,040,2022,16,0043,false,100,0,100,0,100,8060,100,9,100,17,100,0,100,0,48,20801,100,0,,,100,9,,,,,,,,,,,,,100,0,100,0,,,,,,,,,,,,,,,,,,,,,,,,,,,,,,,,,,,,,,,,,,,,,,,,,,,,,,,,,,,,,,,,,100,0,100,8,100,20,100,36,,,100,17,100,11,100,0,200,0,,,,,,,,,,,,,,,,,100,203554820,49,20578,100,0,100,0,,,100,529,,,,,,,,,,,,,100,0,,,,,,,,,,,,,,,,,,,,,,,,
2026-03-25,2AGMN3LY,HGST HUH721212ALN604,12000138625024,0,sac2,000,1122,19,0011,false,100,0,100,0,161,407,100,19,100,38,100,0,100,0,92,60764,100,0,,,100,18,,,,,,,,,,,100,100,,,,,,,,,,,,,,,,,,,,,,,,,,,,,,,,,,,,,,,,,,,,,,,,,,,,,,,,,,,,,,,,,,,,,,,99,2254,99,2254,176,34,,,100,38,100,212,100,319,200,0,,,,,,,,,,,,,,,,,,,,,,,,,,,,,,,,,,,,,,,,,,,,,,,,,,,,,,,,,,,,,,,,,,
2026-03-25,2BJB42BN,WDC WUH721816ALE6L4,16000900661248,0,phx1,040,2012,09,0038,false,100,0,136,96,84,329,100,14,100,79,100,0,140,15,96,31808,100,0,,,100,14,,,,,,,,,,,100,100,,,,,,,,,,,,,,,,,,,,,,,,,,,,,,,,,,,,,,,,,,,,,,,,,,,,,,,,,,,,,,,,,,,,,,,100,3714,100,3714,52,41,,,100,79,100,40,100,0,100,0,,,,,,,,,,,,,,,,,,,,,,,,,,,,,,,,,,,,,,,,,,,,,,,,,,,,,,,,,,,,,,,,,,
2026-03-25,2CKUMEEJ,WUH721816ALE6L4,16000900661248,0,phx1,000,1061,12,,false,100,0,137,92,83,345,100,23,100,0,100,0,140,15,99,8389,100,0,,,100,23,,,,,,,,,,,100,100,,,,,,,,,,,,,,,,,,,,,,,,,,,,,,,,,,,,,,,,,,,,,,,,,,,,,,,,,,,100,0,,,100,0,,,,,,,100,371,100,371,60,34,,,100,0,100,0,100,0,100,0,,,,,,,,,,,,,,,,,,,,,,,,,,,,,,,,,,,,,,,,,,,100,33965416855,100,30165290573,,,,,,,,,,,,,,,,,,,,
2026-03-26,13N0A06DFVKG,TOSHIBA MG08ACA16TA,16000900661248,0,phx1,040,2022,16,,false,100,0,100,0,100,8060,100,9,100,17,100,0,100,0,48,20817,100,0,,,100,9,,,,,,,,,,,,,100,0,100,0,,,,,,,,,,,,,,,,,,,,,,,,,,,,,,,,,,,,,,,,,,,,,,,,,,,,,,,,,,,,,,,,,100,0,100,8,100,20,100,37,,,100,17,100,13,100,0,200,0,,,,,,,,,,,,,,,,,100,1048581,49,20593,100,0,100,0,,,100,529,,,,,,,,,,,,,100,0,,,,,,,,,,,,,,,,,,,,,,,,
2026-03-26,2AGMN3LY,HGST HUH721212ALN604,12000138625024,0,sac2,000,1122,19,0011,false,100,0,100,0,161,407,100,19,100,38,100,0,100,0,92,60782,100,0,,,100,18,,,,,,,,,,,100,100,,,,,,,,,,,,,,,,,,,,,,,,,,,,,,,,,,,,,,,,,,,,,,,,,,,,,,,,,,,,,,,,,,,,,,,99,2254,99,2254,176,34,,,100,38,100,212,100,319,200,0,,,,,,,,,,,,,,,,,,,,,,,,,,,,,,,,,,,,,,,,,,,,,,,,,,,,,,,,,,,,,,,,,,
2026-03-26,2BJB42BN,WDC WUH721816ALE6L4,16000900661248,0,phx1,040,2012,09,0038,false,100,0,136,96,84,329,100,14,100,82,100,0,140,15,96,31824,100,0,,,100,14,,,,,,,,,,,100,100,,,,,,,,,,,,,,,,,,,,,,,,,,,,,,,,,,,,,,,,,,,,,,,,,,,,,,,,,,,,,,,,,,,,,,,100,3717,100,3717,52,41,,,100,82,100,40,100,0,100,0,,,,,,,,,,,,,,,,,,,,,,,,,,,,,,,,,,,,,,,,,,,,,,,,,,,,,,,,,,,,,,,,,,
2026-03-26,2CKUMEEJ,WUH721816ALE6L4,16000900661248,0,phx1,000,1061,12,,false,100,0,137,92,83,345,100,23,100,0,100,0,140,15,99,8405,100,0,,,100,23,,,,,,,,,,,100,100,,,,,,,,,,,,,,,,,,,,,,,,,,,,,,,,,,,,,,,,,,,,,,,,,,,,,,,,,,,100,0,,,100,0,,,,,,,100,372,100,372,60,34,,,100,0,100,0,100,0,100,0,,,,,,,,,,,,,,,,,,,,,,,,,,,,,,,,,,,,,,,,,,,100,34715681031,100,30175495077,,,,,,,,,,,,,,,,,,,,
2026-03-27,13N0A06DFVKG,TOSHIBA MG08ACA16TA,16000900661248,0,phx1,040,2022,16,,false,100,0,100,0,100,8060,100,9,100,17,100,0,100,0,48,20847,100,0,,,100,9,,,,,,,,,,,,,100,0,100,0,,,,,,,,,,,,,,,,,,,,,,,,,,,,,,,,,,,,,,,,,,,,,,,,,,,,,,,,,,,,,,,,,100,0,100,8,100,20,100,34,,,100,17,100,13,100,0,200,0,,,,,,,,,,,,,,,,,100,1048580,49,20624,100,0,100,0,,,100,529,,,,,,,,,,,,,100,0,,,,,,,,,,,,,,,,,,,,,,,,
2026-03-27,2AGMN3LY,HGST HUH721212ALN604,12000138625024,0,sac2,000,1122,19,0011,false,100,0,100,0,161,407,100,19,100,38,100,0,100,0,92,60817,100,0,,,100,18,,,,,,,,,,,100,100,,,,,,,,,,,,,,,,,,,,,,,,,,,,,,,,,,,,,,,,,,,,,,,,,,,,,,,,,,,,,,,,,,,,,,,99,2255,99,2255,171,35,,,100,38,100,212,100,319,200,0,,,,,,,,,,,,,,,,,,,,,,,,,,,,,,,,,,,,,,,,,,,,,,,,,,,,,,,,,,,,,,,,,,
2026-03-27,2BJB42BN,WDC WUH721816ALE6L4,16000900661248,0,phx1,040,2012,09,0038,false,100,0,136,96,84,329,100,14,100,82,100,0,140,15,96,31856,100,0,,,100,14,,,,,,,,,,,100,100,,,,,,,,,,,,,,,,,,,,,,,,,,,,,,,,,,,,,,,,,,,,,,,,,,,,,,,,,,,,,,,,,,,,,,,100,3718,100,3718,52,41,,,100,82,100,40,100,0,100,0,,,,,,,,,,,,,,,,,,,,,,,,,,,,,,,,,,,,,,,,,,,,,,,,,,,,,,,,,,,,,,,,,,
2026-03-27,2CKUMEEJ,WUH721816ALE6L4,16000900661248,0,phx1,000,1061,12,,false,100,0,137,92,83,345,100,23,100,0,100,0,140,15,99,8437,100,0,,,100,23,,,,,,,,,,,100,100,,,,,,,,,,,,,,,,,,,,,,,,,,,,,,,,,,,,,,,,,,,,,,,,,,,,,,,,,,,100,0,,,100,0,,,,,,,100,373,100,373,62,33,,,100,0,100,0,100,0,100,0,,,,,,,,,,,,,,,,,,,,,,,,,,,,,,,,,,,,,,,,,,,100,35988723047,100,30211830933,,,,,,,,,,,,,,,,,,,,
2026-03-28,13N0A06DFVKG,TOSHIBA MG08ACA16TA,16000900661248,0,phx1,040,2022,16,,false,100,0,100,0,100,8060,100,9,100,17,100,0,100,0,48,20863,100,0,,,100,9,,,,,,,,,,,,,100,0,100,0,,,,,,,,,,,,,,,,,,,,,,,,,,,,,,,,,,,,,,,,,,,,,,,,,,,,,,,,,,,,,,,,,100,0,100,8,100,20,100,34,,,100,17,100,13,100,0,200,0,,,,,,,,,,,,,,,,,100,203554820,49,20640,100,0,100,0,,,100,529,,,,,,,,,,,,,100,0,,,,,,,,,,,,,,,,,,,,,,,,
2026-03-28,2AGMN3LY,HGST HUH721212ALN604,12000138625024,0,sac2,000,1122,19,0011,false,100,0,100,0,161,407,100,19,100,38,100,0,100,0,92,60837,100,0,,,100,18,,,,,,,,,,,100,100,,,,,,,,,,,,,,,,,,,,,,,,,,,,,,,,,,,,,,,,,,,,,,,,,,,,,,,,,,,,,,,,,,,,,,,99,2255,99,2255,171,35,,,100,38,100,218,100,319,200,0,,,,,,,,,,,,,,,,,,,,,,,,,,,,,,,,,,,,,,,,,,,,,,,,,,,,,,,,,,,,,,,,,,
2026-03-28,2BJB42BN,WDC WUH721816ALE6L4,16000900661248,0,phx1,040,2012,09,0038,false,100,0,136,96,84,329,100,14,100,82,100,0,140,15,96,31872,100,0,,,100,14,,,,,,,,,,,100,100,,,,,,,,,,,,,,,,,,,,,,,,,,,,,,,,,,,,,,,,,,,,,,,,,,,,,,,,,,,,,,,,,,,,,,,100,3719,100,3719,52,41,,,100,82,100,40,100,0,100,0,,,,,,,,,,,,,,,,,,,,,,,,,,,,,,,,,,,,,,,,,,,,,,,,,,,,,,,,,,,,,,,,,,
2026-03-28,2CKUMEEJ,WUH721816ALE6L4,16000900661248,0,phx1,000,1061,12,,false,100,0,137,92,83,345,100,23,100,0,100,0,140,15,99,8453,100,0,,,100,23,,,,,,,,,,,100,100,,,,,,,,,,,,,,,,,,,,,,,,,,,,,,,,,,,,,,,,,,,,,,,,,,,,,,,,,,,100,0,,,100,0,,,,,,,100,374,100,374,60,34,,,100,0,100,0,100,0,100,0,,,,,,,,,,,,,,,,,,,,,,,,,,,,,,,,,,,,,,,,,,,100,36471079095,100,30325240653,,,,,,,,,,,,,,,,,,,,
2026-03-29,13N0A06DFVKG,TOSHIBA MG08ACA16TA,16000900661248,0,phx1,040,2022,16,,false,100,0,100,0,100,8060,100,9,100,17,100,0,100,0,48,20894,100,0,,,100,9,,,,,,,,,,,,,100,0,100,0,,,,,,,,,,,,,,,,,,,,,,,,,,,,,,,,,,,,,,,,,,,,,,,,,,,,,,,,,,,,,,,,,100,0,100,8,100,20,100,34,,,100,17,100,13,100,0,200,0,,,,,,,,,,,,,,,,,100,203554821,49,20671,100,0,100,0,,,100,529,,,,,,,,,,,,,100,0,,,,,,,,,,,,,,,,,,,,,,,,
2026-03-29,2AGMN3LY,HGST HUH721212ALN604,12000138625024,0,sac2,000,1122,19,0011,false,100,0,100,0,161,407,100,19,100,38,100,0,100,0,92,60856,100,0,,,100,18,,,,,,,,,,,100,100,,,,,,,,,,,,,,,,,,,,,,,,,,,,,,,,,,,,,,,,,,,,,,,,,,,,,,,,,,,,,,,,,,,,,,,99,2255,99,2255,176,34,,,100,38,100,218,100,319,200,0,,,,,,,,,,,,,,,,,,,,,,,,,,,,,,,,,,,,,,,,,,,,,,,,,,,,,,,,,,,,,,,,,,
2026-03-29,2BJB42BN,WDC WUH721816ALE6L4,16000900661248,0,phx1,040,2012,09,0038,false,100,0,136,96,84,329,100,14,100,82,100,0,140,15,96,31903,100,0,,,100,14,,,,,,,,,,,100,100,,,,,,,,,,,,,,,,,,,,,,,,,,,,,,,,,,,,,,,,,,,,,,,,,,,,,,,,,,,,,,,,,,,,,,,100,3720,100,3720,53,40,,,100,82,100,40,100,0,100,0,,,,,,,,,,,,,,,,,,,,,,,,,,,,,,,,,,,,,,,,,,,,,,,,,,,,,,,,,,,,,,,,,,
2026-03-29,2CKUMEEJ,WUH721816ALE6L4,16000900661248,0,phx1,000,1061,12,,false,100,0,137,92,83,345,100,23,100,0,100,0,140,15,99,8485,100,0,,,100,23,,,,,,,,,,,100,100,,,,,,,,,,,,,,,,,,,,,,,,,,,,,,,,,,,,,,,,,,,,,,,,,,,,,,,,,,,100,0,,,100,0,,,,,,,100,375,100,375,60,34,,,100,0,100,0,100,0,100,0,,,,,,,,,,,,,,,,,,,,,,,,,,,,,,,,,,,,,,,,,,,100,36521692959,100,30352780829,,,,,,,,,,,,,,,,,,,,
2026-03-30,13N0A06DFVKG,TOSHIBA MG08ACA16TA,16000900661248,0,phx1,040,2022,16,,false,100,0,100,0,100,8060,100,9,100,17,100,0,100,0,48,20909,100,0,,,100,9,,,,,,,,,,,,,100,0,100,0,,,,,,,,,,,,,,,,,,,,,,,,,,,,,,,,,,,,,,,,,,,,,,,,,,,,,,,,,,,,,,,,,100,0,100,8,100,20,100,35,,,100,17,100,13,100,0,200,0,,,,,,,,,,,,,,,,,100,167772164,49,20686,100,0,100,0,,,100,529,,,,,,,,,,,,,100,0,,,,,,,,,,,,,,,,,,,,,,,,
2026-03-30,2AGMN3LY,HGST HUH721212ALN604,12000138625024,0,sac2,000,1122,19,0011,false,100,0,100,0,161,407,100,19,100,38,100,0,100,0,92,60875,100,0,,,100,18,,,,,,,,,,,100,100,,,,,,,,,,,,,,,,,,,,,,,,,,,,,,,,,,,,,,,,,,,,,,,,,,,,,,,,,,,,,,,,,,,,,,,99,2256,99,2256,176,34,,,100,38,100,209,100,319,200,0,,,,,,,,,,,,,,,,,,,,,,,,,,,,,,,,,,,,,,,,,,,,,,,,,,,,,,,,,,,,,,,,,,
2026-03-30,2BJB42BN,WDC WUH721816ALE6L4,16000900661248,0,phx1,040,2012,09,0038,false,100,0,136,96,84,329,100,14,100,82,100,0,140,15,96,31919,100,0,,,100,14,,,,,,,,,,,100,100,,,,,,,,,,,,,,,,,,,,,,,,,,,,,,,,,,,,,,,,,,,,,,,,,,,,,,,,,,,,,,,,,,,,,,,100,3721,100,3721,52,41,,,100,82,100,40,100,0,100,0,,,,,,,,,,,,,,,,,,,,,,,,,,,,,,,,,,,,,,,,,,,,,,,,,,,,,,,,,,,,,,,,,,
2026-03-30,2CKUMEEJ,WUH721816ALE6L4,16000900661248,0,phx1,000,1061,12,,false,100,0,137,92,83,345,100,23,100,0,100,0,140,15,99,8501,100,0,,,100,23,,,,,,,,,,,100,100,,,,,,,,,,,,,,,,,,,,,,,,,,,,,,,,,,,,,,,,,,,,,,,,,,,,,,,,,,,100,0,,,100,0,,,,,,,100,376,100,376,60,34,,,100,0,100,0,100,0,100,0,,,,,,,,,,,,,,,,,,,,,,,,,,,,,,,,,,,,,,,,,,,100,36522720831,100,30386035029,,,,,,,,,,,,,,,,,,,,
2026-03-31,13N0A06DFVKG,TOSHIBA MG08ACA16TA,16000900661248,1,phx1,040,2022,16,,false,100,0,100,0,100,8060,100,9,100,17,100,0,100,0,48,20925,100,0,,,100,9,,,,,,,,,,,,,100,0,100,0,,,,,,,,,,,,,,,,,,,,,,,,,,,,,,,,,,,,,,,,,,,,,,,,,,,,,,,,,,,,,,,,,100,0,100,8,100,20,100,34,,,100,17,100,13,100,0,200,0,,,,,,,,,,,,,,,,,100,102105091,49,20701,100,0,100,0,,,100,529,,,,,,,,,,,,,100,0,,,,,,,,,,,,,,,,,,,,,,,,
2026-03-31,2AGM5X0Y,HGST HUH721212ALN604,12000138625024,1,sac2,000,1124,13,0022,false,100,1,100,0,159,415,100,33,100,14,100,0,100,0,92,60306,100,0,,,100,26,,,,,,,,,,,100,100,,,,,,,,,,,,,,,,,,,,,,,,,,,,,,,,,,,,,,,,,,,,,,,,,,,,,,,,,,,,,,,,,,,,,,,99,2028,99,2028,157,38,,,100,14,100,1805,100,261,200,0,,,,,,,,,,,,,,,,,,,,,,,,,,,,,,,,,,,,,,,,,,,,,,,,,,,,,,,,,,,,,,,,,,
2026-03-31,2AGMN3LY,HGST HUH721212ALN604,12000138625024,1,sac2,000,1122,19,0011,false,100,0,100,0,161,407,100,19,100,38,100,0,100,0,92,60916,100,0,,,100,18,,,,,,,,,,,100,100,,,,,,,,,,,,,,,,,,,,,,,,,,,,,,,,,,,,,,,,,,,,,,,,,,,,,,,,,,,,,,,,,,,,,,,99,2257,99,2257,166,36,,,100,38,100,216,100,319,200,0,,,,,,,,,,,,,,,,,,,,,,,,,,,,,,,,,,,,,,,,,,,,,,,,,,,,,,,,,,,,,,,,,,
2026-03-31,2BJB42BN,WDC WUH721816ALE6L4,16000900661248,1,phx1,040,2012,09,0038,false,100,0,136,96,84,329,100,14,100,82,100,0,140,15,96,31935,100,0,,,100,14,,,,,,,,,,,100,100,,,,,,,,,,,,,,,,,,,,,,,,,,,,,,,,,,,,,,,,,,,,,,,,,,,,,,,,,,,,,,,,,,,,,,,100,3722,100,3722,53,40,,,100,82,100,40,100,0,100,0,,,,,,,,,,,,,,,,,,,,,,,,,,,,,,,,,,,,,,,,,,,,,,,,,,,,,,,,,,,,,,,,,,
2026-03-31,2CKUMEEJ,WUH721816ALE6L4,16000900661248,1,phx1,000,1061,12,,false,100,0,137,92,83,345,100,23,100,0,100,0,140,15,99,8517,100,0,,,100,23,,,,,,,,,,,100,100,,,,,,,,,,,,,,,,,,,,,,,,,,,,,,,,,,,,,,,,,,,,,,,,,,,,,,,,,,,100,0,,,100,0,,,,,,,100,376,100,376,60,34,,,100,0,100,0,100,0,100,0,,,,,,,,,,,,,,,,,,,,,,,,,,,,,,,,,,,,,,,,,,,100,36523710079,100,30401635077,,,,,,,,,,,,,,,,,,,,
